tool_name,mcp_server_name,action,current_format,target_format,source_path,category,description,api_keys_needed,has_existing_mcp,priority,notes
dnsdumpster,dnsdumpster-mcp,ALREADY_BUILT,langchain_tool,docker_fastmcp,tools-to-migrate-to-mcp/osint/dnsdumpster_langchain.py,osint,"DNS recon: subdomains, MX/NS/TXT, ASN",,yes,done,Migrated to dnsdumpster-mcp
holehe,holehe-mcp,ALREADY_BUILT,langchain_tool,docker_fastmcp,tools-to-migrate-to-mcp/osint/holehe_langchain.py,osint,Email registration check 120+ sites,,yes,done,Migrated to holehe-mcp
Julius MCP Server,julius-mcp,ALREADY_BUILT,mcp_server_docker,docker_fastmcp,export_csv (server: julius-mcp),oss,Julius fingerprints 33+ LLM services running on network endpoints. It sends crafted HTTP probes and matches response signatures to identify ,,yes,done,Already exists as julius-mcp in repo
maigret,maigret-mcp,ALREADY_BUILT,langchain_tool,docker_fastmcp,tools-to-migrate-to-mcp/osint/maigret_langchain.py,osint,Username OSINT 3000+ sites,,yes,done,Migrated to maigret-mcp
misp,misp-mcp,ALREADY_BUILT,langchain_tool,docker_fastmcp,tools-to-migrate-to-mcp/ti/misp.py,threat-intelligence,MISP threat intel sharing,,yes,done,Migrated to misp-mcp
onionsearch,onionsearch-mcp,ALREADY_BUILT,langchain_tool,docker_fastmcp,tools-to-migrate-to-mcp/onionsearch_langchain.py,osint,Dark Web .onion search scraper,,yes,done,Migrated to onionsearch-mcp
opencti,opencti-mcp,ALREADY_BUILT,langchain_tool,docker_fastmcp,tools-to-migrate-to-mcp/ti/opencti.py,threat-intelligence,OpenCTI STIX 2.1 threat intel,,yes,done,Migrated to opencti-mcp
otx,otx-mcp,ALREADY_BUILT,langchain_tool,docker_fastmcp,tools-to-migrate-to-mcp/ti/otx.py,threat-intelligence,AlienVault OTX threat intel,,yes,done,Migrated to otx-mcp
Semgrep MCP SERVER,semgrep-mcp,ALREADY_BUILT,mcp_server_docker,docker_fastmcp,export_csv (server: semgrep),oss,A specialized code security server that brings Static Application Security Testing (SAST) directly into the AI development loop. It allows L,,yes,done,Already exists as semgrep-mcp in repo
sherlock,sherlock-mcp,ALREADY_BUILT,langchain_tool,docker_fastmcp,tools-to-migrate-to-mcp/osint/sherlock_langchain.py,osint,Username search social networks,,yes,done,Migrated to sherlock-mcp
subfinder,subfinder-mcp,ALREADY_BUILT,langchain_tool,docker_fastmcp,tools-to-migrate-to-mcp/osint/subfinder_langchain.py,osint,Subdomain enumeration,,yes,done,Migrated to subfinder-mcp
virustotal,virustotal-mcp,ALREADY_BUILT,langchain_tool,docker_fastmcp,tools-to-migrate-to-mcp/ti/virus_total.py,threat-intelligence,VirusTotal file/URL/domain/IP,,yes,done,Migrated to virustotal-mcp
zmap,zmap-mcp,ALREADY_BUILT,langchain_tool,docker_fastmcp,tools-to-migrate-to-mcp/osint/zmap_langchain.py,osint,Internet-wide port scanning,,yes,done,Migrated to zmap-mcp
abstract,abstract-mcp,BUILD_NEW,langchain_tool,docker_fastmcp,tools-to-migrate-to-mcp/osint/abstract_langchain.py,osint,"AbstractAPI: phone, email, IBAN/VAT, holidays, FX, company, timezone (9 tools)",Multiple API keys,no,high,Needs new Docker/FastMCP server from LangChain source
AbstractAPI Company Enrichment,abstractapi-company-enrichment-mcp,BUILD_NEW,langchain_tool,docker_fastmcp,export_csv (API),api,Company enrichment via AbstractAPI. Returns organization metadata for a domain. Company enrichment and firmographic data retrieval service v,COMPANY_ENRICHMENT_API_KEY,no,medium,LangChain tool (API) — needs new Docker/FastMCP server
AbstractAPI Email Reputation,abstractapi-email-reputation-mcp,BUILD_NEW,langchain_tool,docker_fastmcp,export_csv (API),api,Email reputation and deliverability checks via AbstractAPI.  A comprehensive email verification and deliverability tool. It performs real-ti,EMAIL_REPUTATION_API_KEY,no,medium,LangChain tool (API) — needs new Docker/FastMCP server
AbstractAPI Exchange Rates (Live),abstractapi-exchange-rates-live-mcp,BUILD_NEW,langchain_tool,docker_fastmcp,export_csv (API),api,Live exchange rates via AbstractAPI. Returns base currency and exchange_rates map.  Provides real-time and historical global currency conver,EXCHANGE_RATES_API_KEY,no,medium,LangChain tool (API) — needs new Docker/FastMCP server
AbstractAPI Holidays,abstractapi-holidays-mcp,BUILD_NEW,langchain_tool,docker_fastmcp,export_csv (API),api,"Holiday lookup via AbstractAPI. Returns holiday objects for a country and date.  A global holiday lookup service that identifies public, ban",HOLIDAYS_API_KEY,no,medium,LangChain tool (API) — needs new Docker/FastMCP server
AbstractAPI IBAN Validation,abstractapi-iban-validation-mcp,BUILD_NEW,langchain_tool,docker_fastmcp,export_csv (API),api,IBAN validation via AbstractAPI. Validates IBAN and returns validity details.  Validates International Bank Account Numbers (IBAN) for accur,IBAN_VALIDATION_API_KEY,no,medium,LangChain tool (API) — needs new Docker/FastMCP server
AbstractAPI IP Intelligence,abstractapi-ip-intelligence-mcp,BUILD_NEW,langchain_tool,docker_fastmcp,export_csv (API),api,IP intelligence via AbstractAPI. Returns geo/ASN/security signals for an IP.  Provides deep insights into IPv4 and IPv6 addresses. It return,IP_INTELLIGENCE_API_KEY,no,medium,LangChain tool (API) — needs new Docker/FastMCP server
AbstractAPI Phone Intelligence,abstractapi-phone-intelligence-mcp,BUILD_NEW,langchain_tool,docker_fastmcp,export_csv (API),api,Phone intelligence enrichment via AbstractAPI. Validates/parses phone numbers and returns carrier/line type/country metadata.  An enrichment,PHONE_INTELLIGENCE_API_KEY,no,medium,LangChain tool (API) — needs new Docker/FastMCP server
AbstractAPI Timezone (Current Time),abstractapi-timezone-current-time-mcp,BUILD_NEW,langchain_tool,docker_fastmcp,export_csv (API),api,Timezone current time lookup via AbstractAPI. Returns timezone_name and datetime for a location.  Returns the current local time and detaile,TIMEZONE_API_KEY,no,medium,LangChain tool (API) — needs new Docker/FastMCP server
AbstractAPI VAT Validation,abstractapi-vat-validation-mcp,BUILD_NEW,langchain_tool,docker_fastmcp,export_csv (API),api,VAT validation via AbstractAPI. Validates VAT number and returns company/country details.  Validates Value Added Tax (VAT) identification nu,VAT_API_KEY,no,medium,LangChain tool (API) — needs new Docker/FastMCP server
abusech,abusech-mcp,BUILD_NEW,langchain_tool,docker_fastmcp,tools-to-migrate-to-mcp/osint/abusech_langchain.py,threat-intelligence,"Abuse.ch: MalwareBazaar, URLhaus, ThreatFox",ABUSECH_API_KEY,no,high,Needs new Docker/FastMCP server from LangChain source
AbuseCH Domain Report,abusech-domain-report-mcp,BUILD_NEW,langchain_tool,docker_fastmcp,export_csv (Open Source),oss,Get a comprehensive domain report from abuse.ch platforms via a unified API layer (URLhaus host intelligence + ThreatFox IOC intelligence). ,ABUSECH_API_KEY,no,medium,LangChain tool (Open Source) — needs new Docker/FastMCP server
AbuseCH File Report,abusech-file-report-mcp,BUILD_NEW,langchain_tool,docker_fastmcp,export_csv (Open Source),oss,Get a comprehensive file/hash report from abuse.ch platforms via a unified API layer (MalwareBazaar + URLhaus payload + ThreatFox). Use this,ABUSECH_API_KEY,no,medium,LangChain tool (Open Source) — needs new Docker/FastMCP server
AbuseCH IP Report,abusech-ip-report-mcp,BUILD_NEW,langchain_tool,docker_fastmcp,export_csv (Open Source),oss,Get a comprehensive IP report from abuse.ch platforms via a unified API layer (URLhaus host intelligence + ThreatFox IOC intelligence). Use ,ABUSECH_API_KEY,no,medium,LangChain tool (Open Source) — needs new Docker/FastMCP server
AbuseCH URL Report,abusech-url-report-mcp,BUILD_NEW,langchain_tool,docker_fastmcp,export_csv (Open Source),oss,Get a comprehensive URL report from abuse.ch platforms via a unified API layer (URLhaus URL intelligence). Use this to analyze suspicious UR,ABUSECH_API_KEY,no,medium,LangChain tool (Open Source) — needs new Docker/FastMCP server
adblock,adblock-mcp,BUILD_NEW,langchain_tool,docker_fastmcp,tools-to-migrate-to-mcp/osint/adblock_langchain.py,osint,Adblock-style blocklist URL checks (SpiderFoot sfp_adblock),,no,high,Needs new Docker/FastMCP server from LangChain source
adguard-dns,adguard-dns-mcp,BUILD_NEW,langchain_tool,docker_fastmcp,tools-to-migrate-to-mcp/osint/adguard_dns_langchain.py,osint,AdGuard DNS host validation,,no,high,Needs new Docker/FastMCP server from LangChain source
ahmia,ahmia-mcp,BUILD_NEW,langchain_tool,docker_fastmcp,tools-to-migrate-to-mcp/osint/ahmia_langchain.py,osint,Ahmia dark web search (Tor),TOR_PROXY,no,high,Needs new Docker/FastMCP server from LangChain source
Alien Vault Domain Report,alien-vault-domain-report-mcp,BUILD_NEW,langchain_tool,docker_fastmcp,export_csv (Threat Intelligence Platform),oss,Retrieves a comprehensive threat intelligence report for a specific domain from the AlienVault Open Threat Exchange (OTX). It identifies mal,API_KEY,no,medium,LangChain tool (Threat Intelligence Platform) — needs new Docker/FastMCP server
Alien Vault File Report,alien-vault-file-report-mcp,BUILD_NEW,langchain_tool,docker_fastmcp,export_csv (Threat Intelligence Platform),oss,"Fetches deep analysis for a specific file hash (MD5, SHA1, or SHA256) from the OTX database. It returns threat signatures, malware family cl",API_KEY,no,medium,LangChain tool (Threat Intelligence Platform) — needs new Docker/FastMCP server
Alien Vault IP Report,alien-vault-ip-report-mcp,BUILD_NEW,langchain_tool,docker_fastmcp,export_csv (Threat Intelligence Platform),oss,"Provides an IP reputation and intelligence report from AlienVault OTX. It includes the IP's Autonomous System Number (ASN), geolocation deta",API_KEY,no,medium,LangChain tool (Threat Intelligence Platform) — needs new Docker/FastMCP server
Alien Vault Url Report,alien-vault-url-report-mcp,BUILD_NEW,langchain_tool,docker_fastmcp,export_csv (Threat Intelligence Platform),oss,Get AlienVault OTX analysis report for a URL. This tool queries AlienVault OTX's threat intelligence database for URL analysis results. OTX ,API_KEY,no,medium,LangChain tool (Threat Intelligence Platform) — needs new Docker/FastMCP server
amass,amass-mcp,BUILD_NEW,langchain_tool,docker_fastmcp,tools-to-migrate-to-mcp/osint/amass_langchain.py,osint,Amass: intel/enum/viz/track subdomain recon (4 tools),,no,high,Needs new Docker/FastMCP server from LangChain source
apple-itunes,apple-itunes-mcp,BUILD_NEW,langchain_tool,docker_fastmcp,tools-to-migrate-to-mcp/osint/apple_itunes_langchain.py,osint,Apple iTunes app metadata lookup,,no,high,Needs new Docker/FastMCP server from LangChain source
archiveorg,archiveorg-mcp,BUILD_NEW,langchain_tool,docker_fastmcp,tools-to-migrate-to-mcp/osint/archiveorg_langchain.py,osint,Archive.org/Wayback Machine CDX check,,no,high,Needs new Docker/FastMCP server from LangChain source
arin,arin-mcp,BUILD_NEW,langchain_tool,docker_fastmcp,tools-to-migrate-to-mcp/osint/arin_langchain.py,osint,ARIN Whois/IP allocation lookups,,no,high,Needs new Docker/FastMCP server from LangChain source
Baidu Search,baidu-search-mcp,BUILD_NEW,langchain_tool,docker_fastmcp,export_csv (Open Source),oss,"Fetch Baidu search result pages and extract emails + hostnames for the target word/domain. Returns structured, LLM-friendly JSON.  An OSINT ","BAIDU_TIMEOUT, BAIDU_USER_AGENT",no,medium,LangChain tool (Open Source) — needs new Docker/FastMCP server
baidusearch,baidusearch-mcp,BUILD_NEW,langchain_tool,docker_fastmcp,tools-to-migrate-to-mcp/osint/baidusearch_langchain.py,osint,Baidu web search,,no,high,Needs new Docker/FastMCP server from LangChain source
bevigil,bevigil-mcp,BUILD_NEW,langchain_tool,docker_fastmcp,tools-to-migrate-to-mcp/osint/bevigil_langchain.py,osint,"Bevigil API: domain OSINT, mobile surface",BEVIGIL_API_KEY,no,high,Needs new Docker/FastMCP server from LangChain source
bitbucket,bitbucket-mcp,BUILD_NEW,langchain_tool,docker_fastmcp,tools-to-migrate-to-mcp/osint/bitbucket_langchain.py,osint,"Bitbucket API: repos, commits, code search",BITBUCKET_API_KEY,no,high,Needs new Docker/FastMCP server from LangChain source
bravesearch,bravesearch-mcp,BUILD_NEW,langchain_tool,docker_fastmcp,tools-to-migrate-to-mcp/osint/bravesearch_langchain.py,osint,Brave Search API,BRAVE_API_KEY,no,high,Needs new Docker/FastMCP server from LangChain source
browserless,browserless-mcp,BUILD_NEW,langchain_tool,docker_fastmcp,tools-to-migrate-to-mcp/browserless_langchain.py,osint,"Browserless.io: screenshots, PDF, content, JS (6 tools)","BROWSERLESS_URL, BROWSERLESS_API_KEY",no,high,Needs new Docker/FastMCP server from LangChain source
Browserless Content,browserless-content-mcp,BUILD_NEW,langchain_tool,docker_fastmcp,export_csv (Open Source),oss,Extract content from web pages using Browserless /content endpoint. This tool fetches HTML content from a URL and returns it as text. Perfec,"BROWSERLESS_URL, BROWSERLESS_API_KEY",no,medium,LangChain tool (Open Source) — needs new Docker/FastMCP server
Browserless Function,browserless-function-mcp,BUILD_NEW,langchain_tool,docker_fastmcp,export_csv (Open Source),oss,Execute JavaScript functions on web pages using Browserless /function endpoint. This tool allows you to run custom JavaScript code on a page,"BROWSERLESS_URL, BROWSERLESS_API_KEY",no,medium,LangChain tool (Open Source) — needs new Docker/FastMCP server
Browserless PDF,browserless-pdf-mcp,BUILD_NEW,langchain_tool,docker_fastmcp,export_csv (Open Source),oss,Generate PDFs from web pages using Browserless /pdf endpoint. This tool converts a web page to PDF format and returns it as base64-encoded d,"BROWSERLESS_URL, BROWSERLESS_API_KEY",no,medium,LangChain tool (Open Source) — needs new Docker/FastMCP server
Browserless Scrape,browserless-scrape-mcp,BUILD_NEW,langchain_tool,docker_fastmcp,export_csv (Open Source),oss,Scrape structured data from web pages using Browserless /scrape endpoint. This tool extracts structured data from web pages using CSS select,"BROWSERLESS_URL, BROWSERLESS_API_KEY",no,medium,LangChain tool (Open Source) — needs new Docker/FastMCP server
Browserless Screenshot,browserless-screenshot-mcp,BUILD_NEW,langchain_tool,docker_fastmcp,export_csv (Open Source),oss,Capture screenshots of web pages using Browserless /screenshot endpoint. This tool takes a screenshot of the specified URL and returns it as,"BROWSERLESS_URL, BROWSERLESS_API_KEY",no,medium,LangChain tool (Open Source) — needs new Docker/FastMCP server
Browserless Unblock,browserless-unblock-mcp,BUILD_NEW,langchain_tool,docker_fastmcp,export_csv (Open Source),oss,Bypass bot detection and unblock websites using Browserless /unblock endpoint. This tool uses advanced techniques to bypass Cloudflare and o,"BROWSERLESS_URL, BROWSERLESS_API_KEY",no,medium,LangChain tool (Open Source) — needs new Docker/FastMCP server
certgraph,certgraph-mcp,BUILD_NEW,langchain_tool,docker_fastmcp,tools-to-migrate-to-mcp/osint/certgraph_langchain.py,osint,Certificate transparency graph/CT log analysis,,no,high,Needs new Docker/FastMCP server from LangChain source
Certgraph (Certificate Graph) - JSON,certgraph-certificate-graph-json-mcp,BUILD_NEW,langchain_tool,docker_fastmcp,export_csv (Open Source),oss,Build a certificate relationship graph for a host and return JSON output. Uses Dockerized certgraph. Best default driver is http (direct TLS,"VISUALIZER, CENSYS_APPID, CENSYS_SECRET, CERTGRAPH_DEFAULT_DEPTH, CERTGRAPH_DEFAULT_DRIVER, CERTGRAPH_DOCKER_PLATFORM",no,medium,LangChain tool (Open Source) — needs new Docker/FastMCP server
cloud-datacenter,cloud-datacenter-mcp,BUILD_NEW,langchain_tool,docker_fastmcp,tools-to-migrate-to-mcp/feeds/cloud_datacenter_langchain.py,network,Cloud/datacenter IP/CIDR range lookups (4 tools),,no,high,Needs new Docker/FastMCP server from LangChain source
crawl4ai,crawl4ai-mcp,BUILD_NEW,langchain_tool,docker_fastmcp,tools-to-migrate-to-mcp/crawl4ai_langchain.py,osint,Crawl4AI web crawling with JS rendering,"CRAWL4AI_URL, CRAWL4AI_API_TOKEN",no,high,Needs new Docker/FastMCP server from LangChain source
Crawl4AI MCP Server,crawl4ai-mcp-server-mcp,BUILD_NEW,langchain_tool,docker_fastmcp,export_csv (Web Search),oss,Advanced web crawling and content extraction using Crawl4AI API service. This tool provides intelligent web scraping with JavaScript executi,"CRAWL4AI_URL, CRAWL4AI_API_TOKEN",no,medium,LangChain tool (Web Search) — needs new Docker/FastMCP server
excel-tools,excel-tools-mcp,BUILD_NEW,langchain_tool,docker_fastmcp,tools-to-migrate-to-mcp/prodx/excel_tools.py,productivity,Excel read/modify/charts/security (4 tools),,no,medium,Needs new Docker/FastMCP server from LangChain source
exiftool,exiftool-mcp,BUILD_NEW,langchain_tool,docker_fastmcp,tools-to-migrate-to-mcp/osint/exiftool_langchain.py,forensics,ExifTool EXIF metadata extraction,,no,high,Needs new Docker/FastMCP server from LangChain source
ExifTool Metadata Extract,exiftool-metadata-extract-mcp,BUILD_NEW,langchain_tool,docker_fastmcp,export_csv (Open Source),oss,"Extract metadata from images/PDFs using ExifTool in Docker. Supports local file paths and http(s) URLs (downloaded to temp, then cleaned up)",OSINT_DOCKER_IMAGE,no,medium,LangChain tool (Open Source) — needs new Docker/FastMCP server
file-operations,file-operations-mcp,BUILD_NEW,langchain_tool,docker_fastmcp,tools-to-migrate-to-mcp/prodx/file_operations_tools.py,productivity,File save/convert operations (2 tools),,no,medium,Needs new Docker/FastMCP server from LangChain source
Graphviz DOT Render Diagram,graphviz-dot-render-diagram-mcp,BUILD_NEW,langchain_tool,docker_fastmcp,export_csv (Open Source),oss,Render Graphviz DOT (.dot/.gv) diagrams from file/url/content into SVG or PNG. Returns base64-encoded image plus metadata. Supports theme pr,,no,medium,LangChain tool (Open Source) — needs new Docker/FastMCP server
graphviz-dot,graphviz-dot-mcp,BUILD_NEW,langchain_tool,docker_fastmcp,tools-to-migrate-to-mcp/graphviz_dot_langchain.py,visualization,Render Graphviz DOT graphs to SVG/PNG,,no,medium,Needs new Docker/FastMCP server from LangChain source
masscan,masscan-mcp,BUILD_NEW,langchain_tool,docker_fastmcp,tools-to-migrate-to-mcp/osint/masscan_langchain.py,network,Masscan ultra-fast port scanning,,no,high,Needs new Docker/FastMCP server from LangChain source
mermaid,mermaid-mcp,BUILD_NEW,langchain_tool,docker_fastmcp,tools-to-migrate-to-mcp/mermaid_langchain.py,visualization,Render Mermaid diagrams to SVG/PNG,,no,medium,Needs new Docker/FastMCP server from LangChain source
Mermaid Render Diagram,mermaid-render-diagram-mcp,BUILD_NEW,langchain_tool,docker_fastmcp,export_csv (Open Source),oss,Render Mermaid (.mmd) diagrams from file/url/content into SVG or PNG. Returns base64-encoded image plus metadata. Supports Mermaid themes an,PLAYWRIGHT_BROWSER,no,medium,LangChain tool (Open Source) — needs new Docker/FastMCP server
name-server,name-server-mcp,BUILD_NEW,langchain_tool,docker_fastmcp,tools-to-migrate-to-mcp/feeds/name_server_langchain.py,network,Name server IP lookups (3 tools),,no,high,Needs new Docker/FastMCP server from LangChain source
nuclei,nuclei-mcp,BUILD_NEW,langchain_tool,docker_fastmcp,tools-to-migrate-to-mcp/osint/nuclei_langchain.py,vulnerability,Nuclei template-based vulnerability scanning,,no,high,Needs new Docker/FastMCP server from LangChain source
ocr-tools,ocr-tools-mcp,BUILD_NEW,langchain_tool,docker_fastmcp,tools-to-migrate-to-mcp/prodx/ocr_tools.py,productivity,OCR text extraction from images/PDFs (3 tools),,no,medium,Needs new Docker/FastMCP server from LangChain source
owasp-zap,owasp-zap-mcp,BUILD_NEW,langchain_tool,docker_fastmcp,tools-to-migrate-to-mcp/osint/owazp_zap_langchain.py,vulnerability,OWASP ZAP web app vulnerability scanning,,no,high,Needs new Docker/FastMCP server from LangChain source
phoneinfoga,phoneinfoga-mcp,BUILD_NEW,langchain_tool,docker_fastmcp,tools-to-migrate-to-mcp/osint/phoneinfoga_langchain.py,osint,PhoneInfoGa phone number OSINT,,no,high,Needs new Docker/FastMCP server from LangChain source
PhoneInfoga Scan (Multi-scanner),phoneinfoga-scan-multi-scanner-mcp,BUILD_NEW,langchain_tool,docker_fastmcp,export_csv (Open Source),oss,Run PhoneInfoga scan using selected scanners (local/numverify/googlesearch/googlecse/ovh). Executes the official Docker image and returns st,"GOOGLECSE_CX, GOOGLE_API_KEY, NUMVERIFY_API_KEY, GOOGLECSE_MAX_RESULTS",no,medium,LangChain tool (Open Source) — needs new Docker/FastMCP server
powerpoint-tools,powerpoint-tools-mcp,BUILD_NEW,langchain_tool,docker_fastmcp,tools-to-migrate-to-mcp/prodx/powerpoint_tools.py,productivity,PowerPoint presentation generation (3 tools),,no,medium,Needs new Docker/FastMCP server from LangChain source
scrapy,scrapy-mcp,BUILD_NEW,langchain_tool,docker_fastmcp,tools-to-migrate-to-mcp/scrapy_langchain.py,osint,Scrapy web scraping via Docker,,no,high,Needs new Docker/FastMCP server from LangChain source
victorialogs,victorialogs-mcp,BUILD_NEW,langchain_tool,docker_fastmcp,tools-to-migrate-to-mcp/victorialogs_tools.py,observability,"VictoriaLogs LogsQL: query, stats, facets, streams (12 tools)",VICTORIALOGS_URL,no,medium,Needs new Docker/FastMCP server from LangChain source
VictoriaLogs Facets Tool,victorialogs-facets-tool-mcp,BUILD_NEW,langchain_tool,docker_fastmcp,export_csv (Log Management),oss,Get the most frequent values per each log field (facets) from VictoriaLogs. A discovery tool that identifies the most frequent values for ev,VICTORIALOGS_URL,no,medium,LangChain tool (Log Management) — needs new Docker/FastMCP server
VictoriaLogs Field Names Tool,victorialogs-field-names-tool-mcp,BUILD_NEW,langchain_tool,docker_fastmcp,export_csv (Log Management),oss,Get available field names from logs matching the query in VictoriaLogs. Discovery tools for navigating the schemaless nature of VictoriaLogs,VICTORIALOGS_URL,no,medium,LangChain tool (Log Management) — needs new Docker/FastMCP server
VictoriaLogs Field Values Tool,victorialogs-field-values-tool-mcp,BUILD_NEW,langchain_tool,docker_fastmcp,export_csv (Log Management),oss,Get unique values for a specific field from logs matching the query in VictoriaLogs. Discovery tools for navigating the schemaless nature of,VICTORIALOGS_URL,no,medium,LangChain tool (Log Management) — needs new Docker/FastMCP server
VictoriaLogs Hits Tool,victorialogs-hits-tool-mcp,BUILD_NEW,langchain_tool,docker_fastmcp,export_csv (Log Management),oss,Analyze log hits over time in VictoriaLogs for time-series analysis. A time-series analysis tool that calculates the number of log entries (,VICTORIALOGS_URL,no,medium,LangChain tool (Log Management) — needs new Docker/FastMCP server
VictoriaLogs Query Tool,victorialogs-query-tool-mcp,BUILD_NEW,langchain_tool,docker_fastmcp,export_csv (Log Management),oss,"The primary interface for interacting with VictoriaLogs using LogsQL, a high-performance query language designed for full-text search and an",VICTORIALOGS_URL,no,medium,LangChain tool (Log Management) — needs new Docker/FastMCP server
VictoriaLogs Stats Range Tool,victorialogs-stats-range-tool-mcp,BUILD_NEW,langchain_tool,docker_fastmcp,export_csv (Log Management),oss,Run a stats query over a time range in VictoriaLogs to get time-series statistics. These tools run powerful aggregations and metrics calcula,VICTORIALOGS_URL,no,medium,LangChain tool (Log Management) — needs new Docker/FastMCP server
VictoriaLogs Stats Tool,victorialogs-stats-tool-mcp,BUILD_NEW,langchain_tool,docker_fastmcp,export_csv (Log Management),oss,Run a stats query against VictoriaLogs to get aggregations and metrics. These tools run powerful aggregations and metrics calculations on lo,VICTORIALOGS_URL,no,medium,LangChain tool (Log Management) — needs new Docker/FastMCP server
VictoriaLogs Stream Field Names Tool,victorialogs-stream-field-names-tool-mcp,BUILD_NEW,langchain_tool,docker_fastmcp,export_csv (Log Management),oss,"Get stream field names from log streams matching the query in VictoriaLogs. These tools manage and explore Log Streams, which are logical bu",VICTORIALOGS_URL,no,medium,LangChain tool (Log Management) — needs new Docker/FastMCP server
VictoriaLogs Stream Field Values Tool,victorialogs-stream-field-values-tool-mcp,BUILD_NEW,langchain_tool,docker_fastmcp,export_csv (Log Management),oss,Get unique values for a specific stream field from log streams matching the query in VictoriaLogs. These tools manage and explore Log Stream,VICTORIALOGS_URL,no,medium,LangChain tool (Log Management) — needs new Docker/FastMCP server
VictoriaLogs Streams Tool,victorialogs-streams-tool-mcp,BUILD_NEW,langchain_tool,docker_fastmcp,export_csv (Log Management),oss,Get log streams matching the query in VictoriaLogs.,VICTORIALOGS_URL,no,medium,LangChain tool (Log Management) — needs new Docker/FastMCP server
VictoriaLogs Tenants Tool,victorialogs-tenants-tool-mcp,BUILD_NEW,langchain_tool,docker_fastmcp,export_csv (Log Management),oss,Get list of available tenants in VictoriaLogs. A multi-tenancy management tool that retrieves a list of all available tenants within the Vic,VICTORIALOGS_URL,no,medium,LangChain tool (Log Management) — needs new Docker/FastMCP server
VirusTotal Domain Report,virustotal-domain-report-mcp,BUILD_NEW,langchain_tool,docker_fastmcp,export_csv (Threat Intelligence Platform),oss,"This tool queries VirusTotal's database for domain analysis results, providing threat intelligence about domains associated with malicious a",API_KEY,no,medium,LangChain tool (Threat Intelligence Platform) — needs new Docker/FastMCP server
VirusTotal File Report,virustotal-file-report-mcp,BUILD_NEW,langchain_tool,docker_fastmcp,export_csv (Threat Intelligence Platform),oss,"Get VirusTotal analysis report for a file by hash (MD5, SHA1, or SHA256). A diagnostic tool that retrieves existing analysis data for a file",API_KEY,no,medium,LangChain tool (Threat Intelligence Platform) — needs new Docker/FastMCP server
VirusTotal Get Url Analysis,virustotal-get-url-analysis-mcp,BUILD_NEW,langchain_tool,docker_fastmcp,export_csv (Threat Intelligence Platform),oss,Get the results of a VirusTotal analysis by its analysis ID. A retrieval tool used to poll the results of a specific scan request using its ,API_KEY,no,medium,LangChain tool (Threat Intelligence Platform) — needs new Docker/FastMCP server
VirusTotal IP Report,virustotal-ip-report-mcp,BUILD_NEW,langchain_tool,docker_fastmcp,export_csv (Threat Intelligence Platform),oss,"This tool queries VirusTotal's database for IP address analysis results, providing threat intelligence about IPs associated with malicious a",API_KEY,no,medium,LangChain tool (Threat Intelligence Platform) — needs new Docker/FastMCP server
VirusTotal Scan Url,virustotal-scan-url-mcp,BUILD_NEW,langchain_tool,docker_fastmcp,export_csv (Threat Intelligence Platform),oss,"This tool submits a URL to VirusTotal's scanning queue for analysis by multiple security engines. Unlike the report tools, this tool initiat",API_KEY,no,medium,LangChain tool (Threat Intelligence Platform) — needs new Docker/FastMCP server
VirusTotal URL Report,virustotal-url-report-mcp,BUILD_NEW,langchain_tool,docker_fastmcp,export_csv (Threat Intelligence Platform),commercial,Gets a URL report from Virus Total API. A lookup tool that retrieves the most recent security report for a specific web address. It aggregat,API_KEY,no,medium,LangChain tool (Threat Intelligence Platform) — needs new Docker/FastMCP server
visualization-tools,visualization-tools-mcp,BUILD_NEW,langchain_tool,docker_fastmcp,tools-to-migrate-to-mcp/prodx/visualization_tools.py,visualization,"Plotly charts: line, bar, pie, scatter, heatmap (8 tools)",,no,medium,Needs new Docker/FastMCP server from LangChain source
waybackurls,waybackurls-mcp,BUILD_NEW,langchain_tool,docker_fastmcp,tools-to-migrate-to-mcp/waybackurls_langchain.py,osint,Historical URL enumeration from Wayback Machine,,no,high,Needs new Docker/FastMCP server from LangChain source
webc,webc-mcp,BUILD_NEW,langchain_tool,docker_fastmcp,tools-to-migrate-to-mcp/osint/webc_langchain.py,osint,"WebC API: 30 tools (webpage, NLP, whois, SSL, geo)",WEBC_URL,no,high,Needs new Docker/FastMCP server from LangChain source
WebC Analyze Domain,webc-analyze-domain-mcp,BUILD_NEW,langchain_tool,docker_fastmcp,export_csv (Open Source),oss,"Comprehensive domain analysis with DNS resolution, WHOIS lookup, and geolocation. Resolves domain to IPs, performs geolocation for each IP, ",,no,medium,LangChain tool (Open Source) — needs new Docker/FastMCP server
WebC Analyze Text,webc-analyze-text-mcp,BUILD_NEW,langchain_tool,docker_fastmcp,export_csv (Open Source),oss,"Comprehensive text analysis with statistics and insights. Analyzes text for word count, character count, sentence count, average word length",,no,medium,LangChain tool (Open Source) — needs new Docker/FastMCP server
WebC Analyze Webpage,webc-analyze-webpage-mcp,BUILD_NEW,langchain_tool,docker_fastmcp,export_csv (Open Source),oss,"Comprehensive webpage analysis with full metadata extraction and intelligence gathering. Fetches HTML content, extracts visible text, detect",,no,medium,LangChain tool (Open Source) — needs new Docker/FastMCP server
WebC Calculate Geo Distance,webc-calculate-geo-distance-mcp,BUILD_NEW,langchain_tool,docker_fastmcp,export_csv (Open Source),oss,Calculate distance between two geographic coordinates. Uses Haversine formula to calculate great-circle distance. Returns distance in kilome,,no,medium,LangChain tool (Open Source) — needs new Docker/FastMCP server
WebC Calculate Geodomain Distance,webc-calculate-geodomain-distance-mcp,BUILD_NEW,langchain_tool,docker_fastmcp,export_csv (Open Source),oss,"Calculate distance between two domains based on their IP geolocations. Resolves domains to IPs, gets geolocations, and calculates geographic",,no,medium,LangChain tool (Open Source) — needs new Docker/FastMCP server
WebC Calculate GeoIP Distance,webc-calculate-geoip-distance-mcp,BUILD_NEW,langchain_tool,docker_fastmcp,export_csv (Open Source),oss,Calculate distance between two IP addresses based on geolocation. Resolves IPs to locations and calculates geographic distance. Returns dist,,no,medium,LangChain tool (Open Source) — needs new Docker/FastMCP server
WebC Calculate Similarity spaCy,webc-calculate-similarity-spacy-mcp,BUILD_NEW,langchain_tool,docker_fastmcp,export_csv (Open Source),oss,Calculate text similarity using spaCy word embeddings. Uses semantic similarity based on word vectors for more accurate semantic comparison.,,no,medium,LangChain tool (Open Source) — needs new Docker/FastMCP server
WebC Calculate Text Similarity,webc-calculate-text-similarity-mcp,BUILD_NEW,langchain_tool,docker_fastmcp,export_csv (Open Source),oss,"Calculate similarity between two text strings using multiple algorithms (Jaccard, Cosine, Levenshtein, etc.). Returns similarity scores from",,no,medium,LangChain tool (Open Source) — needs new Docker/FastMCP server
WebC Detect Language,webc-detect-language-mcp,BUILD_NEW,langchain_tool,docker_fastmcp,export_csv (Open Source),oss,Detect the primary language of text or webpage content. Supports detection from text strings or by fetching and analyzing webpage content. R,,no,medium,LangChain tool (Open Source) — needs new Docker/FastMCP server
WebC Detect Multiple Languages,webc-detect-multiple-languages-mcp,BUILD_NEW,langchain_tool,docker_fastmcp,export_csv (Open Source),oss,Detect all languages present in text or webpage with confidence scores. Returns multiple language candidates with their confidence levels. U,,no,medium,LangChain tool (Open Source) — needs new Docker/FastMCP server
WebC Extract Emails,webc-extract-emails-mcp,BUILD_NEW,langchain_tool,docker_fastmcp,export_csv (Open Source),oss,Extract email addresses from text or webpage. Supports extraction from text strings or by fetching and analyzing webpage content. Returns li,,no,medium,LangChain tool (Open Source) — needs new Docker/FastMCP server
WebC Extract Entities,webc-extract-entities-mcp,BUILD_NEW,langchain_tool,docker_fastmcp,export_csv (Open Source),oss,"Extract named entities (people, organizations, locations, dates, etc.) from text using NLP. Uses spaCy for entity recognition. Returns struc",,no,medium,LangChain tool (Open Source) — needs new Docker/FastMCP server
WebC Extract Key Terms,webc-extract-key-terms-mcp,BUILD_NEW,langchain_tool,docker_fastmcp,export_csv (Open Source),oss,"Extract key terms from text using multiple algorithms (TF-IDF, YAKE, etc.). Returns important keywords and phrases ranked by relevance. Use ",,no,medium,LangChain tool (Open Source) — needs new Docker/FastMCP server
WebC Extract Key Terms TextRank,webc-extract-key-terms-textrank-mcp,BUILD_NEW,langchain_tool,docker_fastmcp,export_csv (Open Source),oss,Extract key terms from text using TextRank algorithm. TextRank is a graph-based ranking algorithm that identifies important keywords based o,,no,medium,LangChain tool (Open Source) — needs new Docker/FastMCP server
WebC Extract Text,webc-extract-text-mcp,BUILD_NEW,langchain_tool,docker_fastmcp,export_csv (Open Source),oss,"Extract visible text content from a webpage. Fetches HTML and extracts all visible text while excluding scripts, styles, and other non-visib",,no,medium,LangChain tool (Open Source) — needs new Docker/FastMCP server
WebC Find Sensitive Data,webc-find-sensitive-data-mcp,BUILD_NEW,langchain_tool,docker_fastmcp,export_csv (Open Source),oss,"Detect sensitive data (PII, credit cards, SSN, phone numbers, etc.) in text. Uses pattern matching and validation to identify potentially se",,no,medium,LangChain tool (Open Source) — needs new Docker/FastMCP server
WebC Get Certificate Info,webc-get-certificate-info-mcp,BUILD_NEW,langchain_tool,docker_fastmcp,export_csv (Open Source),oss,"Get SSL/TLS certificate information for a hostname. Returns certificate details including issuer, validity dates, subject, SANs, and certifi",,no,medium,LangChain tool (Open Source) — needs new Docker/FastMCP server
WebC Get Domain TLD Info,webc-get-domain-tld-info-mcp,BUILD_NEW,langchain_tool,docker_fastmcp,export_csv (Open Source),oss,"Get top-level domain (TLD) information for a domain. Returns TLD details, domain components, and TLD metadata. Use for domain parsing, TLD a",,no,medium,LangChain tool (Open Source) — needs new Docker/FastMCP server
WebC Get Domain WHOIS,webc-get-domain-whois-mcp,BUILD_NEW,langchain_tool,docker_fastmcp,export_csv (Open Source),oss,"Get WHOIS registration information for a domain. Returns registration details including registrar, creation date, expiration date, name serv",,no,medium,LangChain tool (Open Source) — needs new Docker/FastMCP server
WebC Get IP Location,webc-get-ip-location-mcp,BUILD_NEW,langchain_tool,docker_fastmcp,export_csv (Open Source),oss,"Get geolocation information for an IP address. Returns city, country, latitude, longitude, and other location data. Use for IP geolocation, ",,no,medium,LangChain tool (Open Source) — needs new Docker/FastMCP server
WebC Get IP WHOIS,webc-get-ip-whois-mcp,BUILD_NEW,langchain_tool,docker_fastmcp,export_csv (Open Source),oss,"Get WHOIS information for an IP address. Returns IP registration details, ASN information, network ranges, and ownership data. Use for IP in",,no,medium,LangChain tool (Open Source) — needs new Docker/FastMCP server
WebC Get Readability Stats,webc-get-readability-stats-mcp,BUILD_NEW,langchain_tool,docker_fastmcp,export_csv (Open Source),oss,"Calculate readability statistics for text. Returns multiple readability metrics including Flesch Reading Ease, Flesch-Kincaid Grade Level, S",,no,medium,LangChain tool (Open Source) — needs new Docker/FastMCP server
WebC Get Webpage Response,webc-get-webpage-response-mcp,BUILD_NEW,langchain_tool,docker_fastmcp,export_csv (Open Source),oss,"Get HTTP response metadata and headers for a webpage. Returns status code, headers, content type, content length, server information, and re",,no,medium,LangChain tool (Open Source) — needs new Docker/FastMCP server
WebC Ping Service,webc-ping-service-mcp,BUILD_NEW,langchain_tool,docker_fastmcp,export_csv (Open Source),oss,"Ping a host to check connectivity. Sends ICMP ping packets and measures response time. Returns ping statistics including round-trip time, pa",,no,medium,LangChain tool (Open Source) — needs new Docker/FastMCP server
WebC Remove Stopwords,webc-remove-stopwords-mcp,BUILD_NEW,langchain_tool,docker_fastmcp,export_csv (Open Source),oss,"Remove stopwords from text. Filters out common words that carry little meaning (the, a, an, etc.) to focus on important content. Returns cle",,no,medium,LangChain tool (Open Source) — needs new Docker/FastMCP server
WebC Resolve Domain IPs,webc-resolve-domain-ips-mcp,BUILD_NEW,langchain_tool,docker_fastmcp,export_csv (Open Source),oss,Resolve domain name to IP addresses. Performs DNS A record lookup and returns all IP addresses associated with the domain. Fast and simple D,,no,medium,LangChain tool (Open Source) — needs new Docker/FastMCP server
WebC Scan Service,webc-scan-service-mcp,BUILD_NEW,langchain_tool,docker_fastmcp,export_csv (Open Source),oss,"Scan a network service (port scan). Checks if a specific port is open on a host. Returns port status, service information, and response deta",,no,medium,LangChain tool (Open Source) — needs new Docker/FastMCP server
WebC Translate Text,webc-translate-text-mcp,BUILD_NEW,langchain_tool,docker_fastmcp,export_csv (Open Source),oss,Translate text from one language to another. Supports automatic source language detection or explicit source/target language specification. ,,no,medium,LangChain tool (Open Source) — needs new Docker/FastMCP server
WebC Translate Webpage,webc-translate-webpage-mcp,BUILD_NEW,langchain_tool,docker_fastmcp,export_csv (Open Source),oss,"Translate entire webpage content to English. Fetches webpage, extracts text, detects language, and translates to English. Use for analyzing ",,no,medium,LangChain tool (Open Source) — needs new Docker/FastMCP server
WebC Validate Credit Card,webc-validate-credit-card-mcp,BUILD_NEW,langchain_tool,docker_fastmcp,export_csv (Open Source),oss,"Validate and analyze credit card numbers. Uses Luhn algorithm for validation and identifies card type (Visa, Mastercard, etc.), issuer, and ",,no,medium,LangChain tool (Open Source) — needs new Docker/FastMCP server
whatsmyname,whatsmyname-mcp,BUILD_NEW,langchain_tool,docker_fastmcp,tools-to-migrate-to-mcp/osint/whatsmyname_langchain.py,osint,WhatsMyName username presence checks,,no,high,Needs new Docker/FastMCP server from LangChain source
abusech,abusech-mcp,COPY_AND_DOCKERIZE,mcp_server_python,docker_fastmcp,tools-to-migrate-to-mcp/osint/abusech-mcp-main/,threat-intelligence,"Abuse.ch MCP: MalwareBazaar, URLhaus, ThreatFox",ABUSECH_API_KEY,no,high,Python MCP — needs Dockerfile + standard files
abuseipdb,abuseipdb-mcp,COPY_AND_DOCKERIZE,mcp_server_python,docker_fastmcp,tools-to-migrate-to-mcp/osint/mcp-abuseipdb-main/,threat-intelligence,AbuseIPDB IP reputation/abuse checks,ABUSEIPDB_API_KEY,no,high,Python MCP — needs Dockerfile + standard files
builtwith,builtwith-mcp,COPY_AND_DOCKERIZE,mcp_server_node,docker_fastmcp,tools-to-migrate-to-mcp/osint/builtwith/,osint,BuiltWith domain tech lookup (JavaScript),BUILTWITH_API_KEY,no,high,JavaScript — needs Docker rewrite to Python/FastMCP
code-execution,code-execution-mcp,COPY_AND_DOCKERIZE,mcp_server_uvx,docker_fastmcp,tools-to-migrate-to-mcp/mcp-server-code-execution-mode-main/,utility,"Code execution bridge: run_python, 100+ MCP tools",,no,high,Python/uvx — needs Docker/FastMCP refactor
deepwebresearch,deepwebresearch-mcp,COPY_AND_DOCKERIZE,mcp_server_npx,docker_fastmcp,tools-to-migrate-to-mcp/mcp-DEEPwebresearch-main/,osint,"Web research: search, content, sessions",,no,high,TypeScript/npx — needs Docker rewrite to Python/FastMCP
pagespeed,pagespeed-mcp,COPY_AND_DOCKERIZE,mcp_server_node,docker_fastmcp,tools-to-migrate-to-mcp/osint/pagespeed-mcp/,osint,Google PageSpeed Insights (TypeScript),PAGESPEED_API_KEY,no,high,TypeScript — needs Docker rewrite to Python/FastMCP
secops,secops-mcp,COPY_AND_DOCKERIZE,mcp_server_python,docker_fastmcp,tools-to-migrate-to-mcp/secops-mcp-main/,vulnerability,SecOps: nuclei ffuf wfuzz sqlmap nmap amass subfinder,,no,high,Has Dockerfile — needs refactor to standard pattern
AACT Clinical Trials MCP Server,ctgov-mcp-docker-mcp,COPY_DOCKER_CONFIG,mcp_server_docker,docker_fastmcp,export_csv (server: CTGOV-MCP-DOCKER),oss,A Model Context Protocol (MCP) server implementation that provides access to the AACT (Aggregate Analysis of ClinicalTrials.gov https://aact,,no,medium,Docker config in export CSV — copy/verify into repo
Alpha Vantage MCP,alphavantage-mcp,COPY_DOCKER_CONFIG,mcp_server_docker,docker_fastmcp,export_csv (server: alphavantage),oss,A Model Context Protocol (MCP) server providing real-time and historical financial data. It offers a standardized interface for stock quotes,,no,medium,Docker config in export CSV — copy/verify into repo
Alterx MCP,acuvity-mcp-server-alterx-mcp,COPY_DOCKER_CONFIG,mcp_server_docker,docker_fastmcp,export_csv (server: acuvity-mcp-server-alterx),oss,Alterx MCP enables seamless integration of Alterx's domain wordlist generation capabilities into MCP-compatible applications and AI-powered ,,no,medium,Docker config in export CSV — copy/verify into repo
Amass MCP Server,acuvity-mcp-server-amass-mcp,COPY_DOCKER_CONFIG,mcp_server_docker,docker_fastmcp,export_csv (server: acuvity-mcp-server-amass),oss,Amass MCP enables seamless integration of Amass's advanced reconnaissance capabilities into MCP-compatible applications and AI-powered workf,,no,medium,Docker config in export CSV — copy/verify into repo
Arjun MCP Server,acuvity-mcp-server-arjun-mcp,COPY_DOCKER_CONFIG,mcp_server_docker,docker_fastmcp,export_csv (server: acuvity-mcp-server-arjun),oss,Arjun MCP enables seamless integration of Arjun’s advanced hidden parameter discovery capabilities into MCP-compatible applications and AI-p,,no,medium,Docker config in export CSV — copy/verify into repo
Assetfinder MCP Server,acuvity-mcp-server-assetfinder-mcp,COPY_DOCKER_CONFIG,mcp_server_docker,docker_fastmcp,export_csv (server: acuvity-mcp-server-assetfinder),oss,Assetfinder MCP enables seamless integration of Assetfinder’s passive subdomain enumeration capabilities into MCP-compatible applications an,,no,medium,Docker config in export CSV — copy/verify into repo
Atlas Docs MCP Server,acuvity-mcp-server-atlas-docs-mcp,COPY_DOCKER_CONFIG,mcp_server_docker,docker_fastmcp,export_csv (server: acuvity-mcp-server-atlas-docs),oss,Atlas Docs MCP server:  Provides technical documentation for libraries and frameworks Processes the official docs into a clean markdown vers,,no,medium,Docker config in export CSV — copy/verify into repo
Atlassian MCP Server,acuvity-mcp-server-atlassian-mcp,COPY_DOCKER_CONFIG,mcp_server_docker,docker_fastmcp,export_csv (server: acuvity-mcp-server-atlassian),commercial,Integrates AI tools for Jira and Confluence tasks and automation. Model Context Protocol (MCP) server for Atlassian products (Confluence and,,no,medium,Docker config in export CSV — copy/verify into repo
Bing Search MCP server,acuvity-mcp-server-bing-search-mcp,COPY_DOCKER_CONFIG,mcp_server_docker,docker_fastmcp,export_csv (server: acuvity-mcp-server-bing-search),commercial,"A Model Context Protocol (MCP) server for Microsoft Bing Search API integration, allowing AI assistants to perform web, news, and image sear",,no,medium,Docker config in export CSV — copy/verify into repo
Brave Search MCP Server,acuvity-mcp-server-brave-search-mcp,COPY_DOCKER_CONFIG,mcp_server_docker,docker_fastmcp,export_csv (server: acuvity-mcp-server-brave-search),commercial,MCP server for Brave Search API integration,,no,medium,Docker config in export CSV — copy/verify into repo
Calculator MCP Server,acuvity-mcp-server-calculator-mcp,COPY_DOCKER_CONFIG,mcp_server_docker,docker_fastmcp,export_csv (server: acuvity-mcp-server-calculator),oss,A Model Context Protocol server for calculating. This server enables LLMs to use calculator for precise numerical calculations.  Available T,,no,medium,Docker config in export CSV — copy/verify into repo
Chroma MCP Server,acuvity-mcp-server-chroma-mcp,COPY_DOCKER_CONFIG,mcp_server_docker,docker_fastmcp,export_csv (server: acuvity-mcp-server-chroma),oss,"This server provides data retrieval capabilities powered by Chroma vector database, enabling AI models to create collections over generated ",,no,medium,Docker config in export CSV — copy/verify into repo
Code Runner MCP Server,mcp-server-code-runner-mcp,COPY_DOCKER_CONFIG,mcp_server_docker,docker_fastmcp,export_csv (server: mcp-server-code-runner),oss,"MCP Server for running code snippet and show the result.  It supports running multiple programming languages: JavaScript, PHP, Python, Perl,",,no,medium,Docker config in export CSV — copy/verify into repo
Cortex MCP server,cortex-mcp,COPY_DOCKER_CONFIG,mcp_server_docker,docker_fastmcp,export_csv (server: cortex),oss,A security orchestration server that provides a unified interface for multiple threat intelligence analyzers. It allows AI agents to submit ,,no,medium,Docker config in export CSV — copy/verify into repo
Crtsh MCP Server,acuvity-mcp-server-crtsh-mcp,COPY_DOCKER_CONFIG,mcp_server_docker,docker_fastmcp,export_csv (server: acuvity-mcp-server-crtsh),oss,Subdomain discovery tool using SSL certificate transparency logs via crt.sh.  Certificate Search MCP enables seamless integration of crt.sh',,no,medium,Docker config in export CSV — copy/verify into repo
Crunchbase MCP Server,crunchbase-mcp,COPY_DOCKER_CONFIG,mcp_server_docker,docker_fastmcp,export_csv (server: crunchbase),oss,"A Model Context Protocol (MCP) server that connects AI assistants to Crunchbase data. It enables users to search for companies, retrieve det",,no,medium,Docker config in export CSV — copy/verify into repo
Docker MCP server,acuvity-mcp-server-docker-mcp,COPY_DOCKER_CONFIG,mcp_server_docker,docker_fastmcp,export_csv (server: acuvity-mcp-server-docker),oss,An MCP server for managing Docker with natural language!  What can it do? Compose containers with natural language Introspect & debug runnin,,no,medium,Docker config in export CSV — copy/verify into repo
DuckDuckGo MCP server,duckduckgo-mcp,COPY_DOCKER_CONFIG,mcp_server_docker,docker_fastmcp,export_csv (server: duckduckgo),oss,"A Model Context Protocol (MCP) server that provides web search capabilities through DuckDuckGo, with additional features for content fetchin",,no,medium,Docker config in export CSV — copy/verify into repo
DuckDuckGo Search MCP Server (Acuvity),acuvity-mcp-server-duckduckgo-mcp,COPY_DOCKER_CONFIG,mcp_server_docker,docker_fastmcp,export_csv (server: acuvity-mcp-server-duckduckgo),oss,"A Model Context Protocol (MCP) server that provides web search capabilities through DuckDuckGo, with additional features for content fetchin",,no,medium,Docker config in export CSV — copy/verify into repo
Edgar Tools MCP Server,edgartools-mcp-server-mcp,COPY_DOCKER_CONFIG,mcp_server_docker,docker_fastmcp,export_csv (server: edgartools-mcp-server),oss,"EdgarTools supports all SEC form types including 10-K annual reports, 10-Q quarterly filings, 8-K current reports, 13F institutional holding",,no,medium,Docker config in export CSV — copy/verify into repo
EduData Mcp Server,edu-data-mcp,COPY_DOCKER_CONFIG,mcp_server_docker,docker_fastmcp,export_csv (server: edu-data),oss,Overview edu-data-mcp-server is a Model Context Protocol (MCP) server that provides access to the Urban Institute's Education Data API. It e,,no,medium,Docker config in export CSV — copy/verify into repo
Eleven Labs MCP Server,acuvity-mcp-server-elevenlabs-mcp,COPY_DOCKER_CONFIG,mcp_server_docker,docker_fastmcp,export_csv (server: acuvity-mcp-server-elevenlabs),commercial,Official ElevenLabs Model Context Protocol (MCP) server that enables interaction with powerful Text to Speech and audio processing APIs.   E,,no,medium,Docker config in export CSV — copy/verify into repo
Everything Wrong MCP Server,acuvity-mcp-server-everything-wrong-mcp,COPY_DOCKER_CONFIG,mcp_server_docker,docker_fastmcp,export_csv (server: acuvity-mcp-server-everything-wrong),oss,"A demonstration Model Context Protocol (MCP) server that exposes a variety of “tools”—some benign, some intentionally misbehaving. Use this ",,no,medium,Docker config in export CSV — copy/verify into repo
Fetch Mcp Server,acuvity-mcp-server-fetch-mcp,COPY_DOCKER_CONFIG,mcp_server_docker,docker_fastmcp,export_csv (server: acuvity-mcp-server-fetch),oss,Fetch MCP Server A Model Context Protocol server that provides web content fetching capabilities. This server enables LLMs to retrieve and p,,no,medium,Docker config in export CSV — copy/verify into repo
FFUF MCP Server,acuvity-mcp-server-ffuf-mcp,COPY_DOCKER_CONFIG,mcp_server_docker,docker_fastmcp,export_csv (server: acuvity-mcp-server-ffuf),oss,FFUF MCP enables seamless integration of FFUF's powerful web fuzzing capabilities into MCP-compatible applications and AI-powered workflow s,,no,medium,Docker config in export CSV — copy/verify into repo
Financial Datasets MCP,financial-datasets-mcp,COPY_DOCKER_CONFIG,mcp_server_docker,docker_fastmcp,export_csv (server: financial-datasets),oss,A comprehensive financial data server that connects AI assistants to real-time and historical stock market intelligence. It provides specifi,,no,medium,Docker config in export CSV — copy/verify into repo
Firecrawl MCP Server,acuvity-mcp-server-firecrawl-mcp,COPY_DOCKER_CONFIG,mcp_server_docker,docker_fastmcp,export_csv (server: acuvity-mcp-server-firecrawl),commercial,A Model Context Protocol (MCP) server implementation that integrates with Firecrawl for web scraping capabilities.,,no,medium,Docker config in export CSV — copy/verify into repo
Flights MCP,flights-mcp,COPY_DOCKER_CONFIG,mcp_server_docker,docker_fastmcp,export_csv (server: flights),oss,A Model Context Protocol (MCP) server that provides flight search capabilities by integrating with the Aviasales Flight Search API. It allow,,no,medium,Docker config in export CSV — copy/verify into repo
FRED MCP SERVER,fred-mcp,COPY_DOCKER_CONFIG,mcp_server_docker,docker_fastmcp,export_csv (server: fred-mcp),oss,"A Model Context Protocol (MCP) server providing structured access to over 800,000 economic time series from the Federal Reserve Economic Dat",,no,medium,Docker config in export CSV — copy/verify into repo
Google Maps MCP Server,acuvity-mcp-server-google-maps-mcp,COPY_DOCKER_CONFIG,mcp_server_docker,docker_fastmcp,export_csv (server: acuvity-mcp-server-google-maps),commercial,MCP server for using the Google Maps API,,no,medium,Docker config in export CSV — copy/verify into repo
Grafana MCP Server,acuvity-mcp-server-grafana-mcp,COPY_DOCKER_CONFIG,mcp_server_docker,docker_fastmcp,export_csv (server: acuvity-mcp-server-grafana),hybrid,The Grafana MCP Server MCP Server provides access to your Grafana instance and the surrounding ecosystem.,,no,medium,Docker config in export CSV — copy/verify into repo
Harness MCP Server,acuvity-mcp-server-harness-mcp,COPY_DOCKER_CONFIG,mcp_server_docker,docker_fastmcp,export_csv (server: acuvity-mcp-server-harness),commercial,"The Harness MCP Server is a Model Context Protocol (MCP) server that provides seamless integration with Harness APIs, enabling advanced auto",,no,medium,Docker config in export CSV — copy/verify into repo
httpx MCP,acuvity-mcp-server-httpx-mcp,COPY_DOCKER_CONFIG,mcp_server_docker,docker_fastmcp,export_csv (server: acuvity-mcp-server-httpx),oss,httpx MCP enables seamless integration of httpx's capabilities to scan and analyze HTTP/HTTPS services into MCP-compatible applications and ,,no,medium,Docker config in export CSV — copy/verify into repo
Hyperbrowser MCP Server,acuvity-mcp-server-hyperbrowser-mcp,COPY_DOCKER_CONFIG,mcp_server_docker,docker_fastmcp,export_csv (server: acuvity-mcp-server-hyperbrowser),oss,"This is Hyperbrowser's Model Context Protocol (MCP) Server. It provides various tools to scrape, extract structured data, and crawl webpages",,no,medium,Docker config in export CSV — copy/verify into repo
Kagi Search MCP Server,acuvity-mcp-server-kagisearch-mcp,COPY_DOCKER_CONFIG,mcp_server_docker,docker_fastmcp,export_csv (server: acuvity-mcp-server-kagisearch),commercial,MCP server for search queries and video summarization using Kagi,,no,medium,Docker config in export CSV — copy/verify into repo
Katana MCP Server,acuvity-mcp-server-katana-mcp,COPY_DOCKER_CONFIG,mcp_server_docker,docker_fastmcp,export_csv (server: acuvity-mcp-server-katana),oss,Katana MCP enables seamless integration of Katana’s advanced crawling and endpoint discovery capabilities into MCP-compatible applications a,,no,medium,Docker config in export CSV — copy/verify into repo
Mapbox MCP Server,mapboxserver-mcp,COPY_DOCKER_CONFIG,mcp_server_docker,docker_fastmcp,export_csv (server: MapboxServer),oss,The Mapbox MCP Server transforms any AI agent or application into a geospatially-aware system by providing seamless access to Mapbox's compr,,no,medium,Docker config in export CSV — copy/verify into repo
Marine Traffic MCP,marinetraffic-mcp,COPY_DOCKER_CONFIG,mcp_server_docker,docker_fastmcp,export_csv (server: marinetraffic),oss,"A Model Context Protocol (MCP) server that connects AI assistants to the MarineTraffic API. It provides real-time vessel tracking, detailed ",,no,medium,Docker config in export CSV — copy/verify into repo
Masscan MCP,acuvity-mcp-server-masscan-mcp,COPY_DOCKER_CONFIG,mcp_server_docker,docker_fastmcp,export_csv (server: acuvity-mcp-server-masscan),oss,Masscan MCP enables seamless integration of Masscan's high-speed network scanning capabilities into MCP-compatible applications and AI-power,,no,medium,Docker config in export CSV — copy/verify into repo
MCP Server Everything,acuvity-mcp-server-everything-mcp,COPY_DOCKER_CONFIG,mcp_server_docker,docker_fastmcp,export_csv (server: acuvity-mcp-server-everything),oss,MCP server that exercises all the features of the MCP protocol,,no,medium,Docker config in export CSV — copy/verify into repo
Microsoft Azure MCP Server,acuvity-mcp-server-azure-mcp,COPY_DOCKER_CONFIG,mcp_server_docker,docker_fastmcp,export_csv (server: acuvity-mcp-server-azure),commercial,Integrates AI agents with Azure services for enhanced functionality.,,no,medium,Docker config in export CSV — copy/verify into repo
Microsoft Graph MCP Server,acuvity-mcp-server-microsoft-graph-mcp,COPY_DOCKER_CONFIG,mcp_server_docker,docker_fastmcp,export_csv (server: acuvity-mcp-server-microsoft-graph),oss,"Connect to microsoft graph API to get applications, sites users and more.",,no,medium,Docker config in export CSV — copy/verify into repo
Minio AIStor MCP Server (Official),aistor-mcp,COPY_DOCKER_CONFIG,mcp_server_docker,docker_fastmcp,export_csv (server: aistor),oss,The official Model Context Protocol server for MinIO’s exabyte-scale object storage. It provides AI agents with a natural language interface,,no,medium,Docker config in export CSV — copy/verify into repo
N2YO MCP,n2yo-mcp,COPY_DOCKER_CONFIG,mcp_server_docker,docker_fastmcp,export_csv (server: n2yo),oss,A Model Context Protocol (MCP) server that connects AI assistants to the N2YO.com API for real-time satellite tracking. It enables users to ,,no,medium,Docker config in export CSV — copy/verify into repo
NetUtils,netutils-mcp,COPY_DOCKER_CONFIG,mcp_server_docker,docker_fastmcp,export_csv (server: netutils),oss,"A comprehensive network and domain analysis toolkit for AI assistants. It provides a suite of tools for DNS exploration (A, AAAA, MX, TXT re",,no,medium,Docker config in export CSV — copy/verify into repo
Nmap MCP Server,acuvity-mcp-server-nmap-mcp,COPY_DOCKER_CONFIG,mcp_server_docker,docker_fastmcp,export_csv (server: acuvity-mcp-server-nmap),oss,Nmap MCP enables seamless integration of Nmap's comprehensive network scanning and security auditing capabilities into MCP-compatible applic,,no,medium,Docker config in export CSV — copy/verify into repo
Notion MCP Server,acuvity-mcp-server-notion-mcp,COPY_DOCKER_CONFIG,mcp_server_docker,docker_fastmcp,export_csv (server: acuvity-mcp-server-notion),commercial,"Notion MCP is our hosted server that gives AI tools secure access to your Notion workspace.  Generate documentation — Generate PRDs, tech sp",,no,medium,Docker config in export CSV — copy/verify into repo
Nuclei MCP Server,acuvity-mcp-server-nuclei-mcp,COPY_DOCKER_CONFIG,mcp_server_docker,docker_fastmcp,export_csv (server: acuvity-mcp-server-nuclei),oss,"Scan target for vulnerabilities using Nuclei templates. Nuclei is a fast vulnerability scanner based on templates. It can detect CVEs, misco",,no,medium,Docker config in export CSV — copy/verify into repo
OCR MCP Server,ocr-mcp,COPY_DOCKER_CONFIG,mcp_server_docker,docker_fastmcp,export_csv (server: ocr),oss,"MCP server for extracting text from images using Tesseract OCR. Supports local files, URLs, and base64-encoded image data. Provides perform_",,no,medium,Docker config in export CSV — copy/verify into repo
Open Legal Compliance MCP,open-legal-mcp,COPY_DOCKER_CONFIG,mcp_server_docker,docker_fastmcp,export_csv (server: open-legal),oss,"Based on the README.md for the repository TCoder920x/open-legal-compliance-mcp, here is the text for the description field:  Description: A ",,no,medium,Docker config in export CSV — copy/verify into repo
OpenCV MCP Server,opencv-mcp-server-mcp,COPY_DOCKER_CONFIG,mcp_server_docker,docker_fastmcp,export_csv (server: opencv-mcp-server),oss,OpenCV MCP Server is a Python package that provides OpenCV's image and video processing capabilities through the Model Context Protocol (MCP,,no,medium,Docker config in export CSV — copy/verify into repo
OSHP MCP Server,acuvity-mcp-server-oshp-mcp,COPY_DOCKER_CONFIG,mcp_server_docker,docker_fastmcp,export_csv (server: acuvity-mcp-server-oshp),oss,Analyzes HTTP response headers against OWASP security standards with recommendations  The OWASP Secure Headers Project (OSHP) provides infor,,no,medium,Docker config in export CSV — copy/verify into repo
PDF Reader MCP Server (Sylphx),pdf-reader-mcp,COPY_DOCKER_CONFIG,mcp_server_docker,docker_fastmcp,export_csv (server: pdf-reader),oss,MCP server for reading and extracting text from PDF files via URLs. Uses @sylphx/pdf-reader-mcp npm package. Supports PDF URLs via sources a,,no,medium,Docker config in export CSV — copy/verify into repo
PentestAgent MCP,pentest-agent-mcp,COPY_DOCKER_CONFIG,mcp_server_docker,docker_fastmcp,export_csv (server: pentest-agent),oss,An all-in-one offensive security toolbox and AI agent built on the Model Context Protocol (MCP). It acts as a comprehensive Red Team assista,,no,medium,Docker config in export CSV — copy/verify into repo
Playwright MCP Server,acuvity-mcp-server-playwright-mcp,COPY_DOCKER_CONFIG,mcp_server_docker,docker_fastmcp,export_csv (server: acuvity-mcp-server-playwright),oss,A Model Context Protocol (MCP) server that provides browser automation capabilities using Playwright. This server enables LLMs to interact w,,no,medium,Docker config in export CSV — copy/verify into repo
Polygon MCP server,polygon-mcp,COPY_DOCKER_CONFIG,mcp_server_docker,docker_fastmcp,export_csv (server: polygon),oss,Polygon MCP Server A Model Context Protocol (MCP) server that provides tools for interacting with the Polygon.io API for market data. A fina,,no,medium,Docker config in export CSV — copy/verify into repo
PubMed MCP,pubmed-mcp,COPY_DOCKER_CONFIG,mcp_server_docker,docker_fastmcp,export_csv (server: pubmed),oss,"A Model Context Protocol (MCP) server that enables AI assistants to search and analyze PubMed medical literature with advanced filtering, ci",,no,medium,Docker config in export CSV — copy/verify into repo
Reddit MCP Server,reddit-mcp-server-mcp,COPY_DOCKER_CONFIG,mcp_server_docker,docker_fastmcp,export_csv (server: reddit_mcp_server),oss,A comprehensive Model Context Protocol (MCP) server for Reddit integration. This server enables AI agents to interact with Reddit programmat,,no,medium,Docker config in export CSV — copy/verify into repo
RSS MCP Server,rss-mcp,COPY_DOCKER_CONFIG,mcp_server_docker,docker_fastmcp,export_csv (server: rss-mcp),oss,This is a Model Context Protocol (MCP) server built with TypeScript. It provides a versatile tool to fetch and parse any standard RSS/Atom f,,no,medium,Docker config in export CSV — copy/verify into repo
Scan URL MCP server,scan-url-mcp,COPY_DOCKER_CONFIG,mcp_server_docker,docker_fastmcp,export_csv (server: scan-url),commercial,An enhanced security reconnaissance server that integrates with the urlscan.io API. It enables AI assistants to perform deep web analysis an,,no,medium,Docker config in export CSV — copy/verify into repo
Scout Suite MCP,acuvity-mcp-server-scoutsuite-mcp,COPY_DOCKER_CONFIG,mcp_server_docker,docker_fastmcp,export_csv (server: acuvity-mcp-server-scoutsuite),oss,"Scout Suite MCP enables automated security auditing of cloud environments (AWS, Azure, GCP) using Scout Suite’s powerful capabilities, acces",,no,medium,Docker config in export CSV — copy/verify into repo
Scrapezy MCP Server,acuvity-mcp-server-scrapezy-mcp,COPY_DOCKER_CONFIG,mcp_server_docker,docker_fastmcp,export_csv (server: acuvity-mcp-server-scrapezy),commercial,A Model Context Protocol server for Scrapezy that enables AI models to extract structured data from websites.  Features Tools extract_struct,,no,medium,Docker config in export CSV — copy/verify into repo
SEC Edgar MCP Server,sec-edgar-mcp,COPY_DOCKER_CONFIG,mcp_server_docker,docker_fastmcp,export_csv (server: sec-edgar-mcp),oss,"MCP server for accessing SEC EDGAR filings. Connects AI assistants to company filings, financial statements, and insider trading data with e",,no,medium,Docker config in export CSV — copy/verify into repo
Sentry MCP Server,acuvity-mcp-server-sentry-mcp,COPY_DOCKER_CONFIG,mcp_server_docker,docker_fastmcp,export_csv (server: acuvity-mcp-server-sentry),commercial,Retrieving and analyzing application issues from Sentry.io.,,no,medium,Docker config in export CSV — copy/verify into repo
Shodan MCP,shodan-mcp,COPY_DOCKER_CONFIG,mcp_server_docker,docker_fastmcp,export_csv (server: shodan),oss,A dual-purpose cybersecurity server that combines Shodan’s internet-scale device intelligence with VirusTotal’s reputation analysis. It allo,,no,medium,Docker config in export CSV — copy/verify into repo
shuffledns MCP Server,acuvity-mcp-server-shuffledns-mcp,COPY_DOCKER_CONFIG,mcp_server_docker,docker_fastmcp,export_csv (server: acuvity-mcp-server-shuffledns),oss,"shuffledns MCP enables seamless integration of shuffledns’s capabilities for DNS brute forcing, DNS resolving, and filtering into MCP-compat",,no,medium,Docker config in export CSV — copy/verify into repo
Slack MCP Server,slack-mcp,COPY_DOCKER_CONFIG,mcp_server_docker,docker_fastmcp,export_csv (server: slack),oss,"A specialized communication server for Slack that operates in a ""Stealth Mode,"" allowing AI agents to interact with channels and threads usi","SLACK_MCP_XOXC_TOKEN, SLACK_MCP_XOXD_TOKEN",no,medium,Docker config in export CSV — copy/verify into repo
Slack MCP Server,acuvity-mcp-server-slack-mcp,COPY_DOCKER_CONFIG,mcp_server_docker,docker_fastmcp,export_csv (server: acuvity-mcp-server-slack),commercial,MCP server for interacting with Slack,,no,medium,Docker config in export CSV — copy/verify into repo
Smuggler MCP Server,acuvity-mcp-server-smuggler-mcp,COPY_DOCKER_CONFIG,mcp_server_docker,docker_fastmcp,export_csv (server: acuvity-mcp-server-smuggler),oss,Smuggler MCP allows you to use the Smuggler HTTP Request Smuggling testing tool through the MCP protocol. This integration offers Smuggler's,,no,medium,Docker config in export CSV — copy/verify into repo
SQLMAP MCP Server,acuvity-mcp-server-sqlmap-mcp,COPY_DOCKER_CONFIG,mcp_server_docker,docker_fastmcp,export_csv (server: acuvity-mcp-server-sqlmap),oss,SQLMap SQL injection detection and exploitation tool bridge for MCP ecosystem.  SQLMap MCP enables seamless integration of SQLMap's powerful,,no,medium,Docker config in export CSV — copy/verify into repo
SSLScan MCP,acuvity-mcp-server-sslscan-mcp,COPY_DOCKER_CONFIG,mcp_server_docker,docker_fastmcp,export_csv (server: acuvity-mcp-server-sslscan),oss,SSLScan MCP enables seamless integration of SSLScan's SSL/TLS assessment capabilities into MCP-compatible applications and AI-powered workfl,,no,medium,Docker config in export CSV — copy/verify into repo
Trivy Security MCP server,trivy-security-mcp,COPY_DOCKER_CONFIG,mcp_server_docker,docker_fastmcp,export_csv (server: trivy-security),commercial,A Model Context Protocol (MCP) server that integrates the Trivy security scanner. It enables AI assistants to perform automated security ass,,no,medium,Docker config in export CSV — copy/verify into repo
USGS MCP,earthquake-mcp,COPY_DOCKER_CONFIG,mcp_server_docker,docker_fastmcp,export_csv (server: earthquake),oss,"A comprehensive Model Context Protocol (MCP) server that integrates data from IRIS, USGS, and GNSS/GPS networks to provide global earthquake",,no,medium,Docker config in export CSV — copy/verify into repo
Waybackurls MCP,acuvity-mcp-server-waybackurls-mcp,COPY_DOCKER_CONFIG,mcp_server_docker,docker_fastmcp,export_csv (server: acuvity-mcp-server-waybackurls),oss,Retrieves historical URLs from the Wayback Machine for reconnaissance and security testing.  Waybackurls MCP enables seamless integration of,,no,medium,Docker config in export CSV — copy/verify into repo
Wiremcp,wiremcp-mcp,COPY_DOCKER_CONFIG,mcp_server_docker,docker_fastmcp,export_csv (server: wiremcp),oss,A Model Context Protocol (MCP) server that connects AI assistants to Wireshark (via tshark) for real-time network traffic analysis. It empow,,no,medium,Docker config in export CSV — copy/verify into repo
World Bank MCP,world-bank-mcp,COPY_DOCKER_CONFIG,mcp_server_docker,docker_fastmcp,export_csv (server: world-bank),oss,A Model Context Protocol (MCP) server that enables interaction with the open World Bank data API. It allows AI assistants to access global e,,no,medium,Docker config in export CSV — copy/verify into repo
Yahoo Finance MCP SERVER,yfmcp-mcp,COPY_DOCKER_CONFIG,mcp_server_docker,docker_fastmcp,export_csv (server: yfmcp),oss,"Yahoo Finance MCP Server A simple MCP server for Yahoo Finance using yfinance. This server provides a set of tools to fetch stock data, news",,no,medium,Docker config in export CSV — copy/verify into repo
YaraFlux MCP server,yaraflux-mcp-server-mcp,COPY_DOCKER_CONFIG,mcp_server_docker,docker_fastmcp,export_csv (server: yaraflux-mcp-server),oss,A YARA-based Model Context Protocol (MCP) server that integrates with AI assistants to perform automated malware scanning and threat analysi,"DEBUG, ADMIN_PASSWORD, JWT_SECRET_KEY, PYTHONUNBUFFERED",no,medium,Docker config in export CSV — copy/verify into repo
YouTube MCP Server,youtube-mcp,COPY_DOCKER_CONFIG,mcp_server_docker,docker_fastmcp,export_csv (server: youtube),oss,"A Model Context Protocol (MCP) server implementation for YouTube, enabling AI language models to interact with YouTube content through a sta",,no,medium,Docker config in export CSV — copy/verify into repo
Zscaler MCP Server,zscaler-mcp-server-mcp,COPY_DOCKER_CONFIG,mcp_server_docker,docker_fastmcp,export_csv (server: zscaler-mcp-server),oss,The Zscaler MCP Server brings comprehensive Zscaler management capabilities directly to your AI agents and automation workflows. This compre,,no,medium,Docker config in export CSV — copy/verify into repo
Ahima search1api MCP SERVER,search1api-mcp,REFACTOR_TO_DOCKER,mcp_server_npx,docker_fastmcp,export_csv (server: search1api),oss,Features Web search functionality News search functionality Web page content extraction Website sitemap extraction Deep thinking and complex,,no,medium,Currently npx (search1api-mcp) — needs Docker/FastMCP rewrite
AI Text Detector MCP,ai-humanizer-mcp,REFACTOR_TO_DOCKER,mcp_server_npx,docker_fastmcp,export_csv (server: ai-humanizer),oss,"A Model Context Protocol (MCP) server designed to refine AI-generated content, making it sound more natural and human-like. It provides tool",,no,medium,Currently npx (ai-humanizer-mcp-server) — needs Docker/FastMCP rewrite
AWS API mcp server,aws-api-mcp,REFACTOR_TO_DOCKER,mcp_server_uvx,docker_fastmcp,export_csv (server: aws-api),oss,The AWS API MCP Server enables AI assistants to interact with AWS services and resources through AWS CLI commands. It provides programmatic ,"AWS_REGION, AWS_PROFILE",no,medium,Currently uvx (awslabs.aws-api-mcp-server@latest) — needs Docker/FastMCP rewrite
AWS Aurora Postgres mcp server,aws-postgres-mcp,REFACTOR_TO_DOCKER,mcp_server_uvx,docker_fastmcp,export_csv (server: aws-postgres),oss,An AWS Labs Model Context Protocol (MCP) server for Aurora Postgres. A database intelligence tool that translates human-readable questions i,,no,medium,Currently uvx (awslabs.postgres-mcp-server@latest) — needs Docker/FastMCP rewrite
AWS Bedrock AgentCore mcp server,aws-bedrock-agentcore-mcp,REFACTOR_TO_DOCKER,mcp_server_uvx,docker_fastmcp,export_csv (server: aws-bedrock-agentcore),oss,Model Context Protocol (MCP) server for Amazon Bedrock AgentCore services  This MCP server provides comprehensive access to Amazon Bedrock A,"AWS_REGION, AWS_ACCESS_KEY_ID, AWS_SECRET_ACCESS_KEY",no,medium,Currently uvx (awslabs.amazon-bedrock-agentcore-mcp-server@latest) — needs Docker/FastMCP rewrite
AWS Bedrock custom model mcp server,aws-bedrock-custom-model-mcp,REFACTOR_TO_DOCKER,mcp_server_uvx,docker_fastmcp,export_csv (server: aws-bedrock-custom-model),oss,The Bedrock Custom Model Import Model Context Protocol (MCP) Server streamlines the process of importing custom models into Amazon Bedrock. ,"AWS_REGION, AWS_SECRET_ACCESS_KEY",no,medium,Currently uvx (awslabs.aws-bedrock-custom-model-import-mcp-server@latest) — needs Docker/FastMCP rewrite
AWS CloudTrail mcp server,aws-cloudtrail-mcp,REFACTOR_TO_DOCKER,mcp_server_uvx,docker_fastmcp,export_csv (server: aws-cloudtrail),oss,This AWS Labs Model Context Protocol (MCP) server for CloudTrail enables your AI agents to query AWS account activity for security investiga,"AWS_REGION, AWS_SECRET_ACCESS_KEY",no,medium,Currently uvx (awslabs.cloudtrail-mcp-server@latest) — needs Docker/FastMCP rewrite
AWS Cloudwatch ApSignals mcp server,aws-cloudwatch-appsignals-mcp,REFACTOR_TO_DOCKER,mcp_server_uvx,docker_fastmcp,export_csv (server: aws-cloudwatch-appsignals),oss,An MCP (Model Context Protocol) server that provides comprehensive tools for monitoring and analyzing AWS services using AWS Application Sig,"AWS_REGION, AWS_ACCESS_KEY_ID, AWS_SECRET_ACCESS_KEY",no,medium,Currently uvx (awslabs.cloudwatch-applicationsignals-mcp-server@latest) — needs Docker/FastMCP rewrite
AWS Cloudwatch mcp server,aws-cloudwatch-mcp,REFACTOR_TO_DOCKER,mcp_server_uvx,docker_fastmcp,export_csv (server: aws-cloudwatch),oss,This AWS Labs Model Context Protocol (MCP) server for CloudWatch enables your troubleshooting agents to use CloudWatch data to do AI-powered,"AWS_REGION, AWS_ACCESS_KEY_ID, AWS_SECRET_ACCESS_KEY",no,medium,Currently uvx (awslabs.cloudwatch-mcp-server@latest) — needs Docker/FastMCP rewrite
AWS Core mcp server,aws-core-mcp,REFACTOR_TO_DOCKER,mcp_server_uvx,docker_fastmcp,export_csv (server: aws-core),oss,MCP server that provides a starting point for using AWS MCP servers through a dynamic proxy server strategy based on role-based environment ,"AWS_REGION, AWS_PROFILE",no,medium,Currently uvx (awslabs.core-mcp-server@latest) — needs Docker/FastMCP rewrite
AWS Documentation mcp server,aws-documentation-mcp,REFACTOR_TO_DOCKER,mcp_server_uvx,docker_fastmcp,export_csv (server: aws-documentation),oss,"Model Context Protocol (MCP) server for AWS Documentation  This MCP server provides tools to access AWS documentation, search for content, a",,no,medium,Currently uvx (awslabs.aws-documentation-mcp-server@latest) — needs Docker/FastMCP rewrite
AWS Documentdb mcp server,aws-documentdb-mcp,REFACTOR_TO_DOCKER,mcp_server_uvx,docker_fastmcp,export_csv (server: aws-documentdb),oss,An AWS Labs Model Context Protocol (MCP) server for AWS DocumentDB that enables AI assistants to interact with DocumentDB databases.  Overvi,"AWS_REGION, AWS_ACCESS_KEY_ID, AWS_SECRET_ACCESS_KEY",no,medium,Currently uvx (awslabs.documentdb-mcp-server@latest) — needs Docker/FastMCP rewrite
AWS DSQL mcp server,aws-aurora-dsql-mcp,REFACTOR_TO_DOCKER,mcp_server_uvx,docker_fastmcp,export_csv (server: aws-aurora-dsql),commercial,An AWS Labs Model Context Protocol (MCP) server for Aurora DSQL and corresponding AI rules that can be used for additional model steering wh,"AWS_REGION, AWS_ACCESS_KEY_ID, AWS_SECRET_ACCESS_KEY",no,medium,Currently uvx (awslabs.aurora-dsql-mcp-server@latest) — needs Docker/FastMCP rewrite
AWS DynamoDB mcp server,aws-dynamodb-mcp,REFACTOR_TO_DOCKER,mcp_server_uvx,docker_fastmcp,export_csv (server: aws-dynamodb),oss,The official developer experience MCP Server for Amazon DynamoDB. This server provides DynamoDB expert design guidance and data modeling ass,,no,medium,Currently uvx (awslabs.dynamodb-mcp-server@latest) — needs Docker/FastMCP rewrite
AWS ECS mcp server,aws-ecs-mcp,REFACTOR_TO_DOCKER,mcp_server_uvx,docker_fastmcp,export_csv (server: aws-ecs),oss,"An MCP server for containerizing applications, deploying applications to Amazon Elastic Container Service (ECS), troubleshooting ECS deploym","AWS_REGION, AWS_ACCESS_KEY_ID, AWS_SECRET_ACCESS_KEY",no,medium,Currently uvx (awslabs.ecs-mcp-server@latest) — needs Docker/FastMCP rewrite
AWS EKS mcp server,aws-eks-mcp,REFACTOR_TO_DOCKER,mcp_server_uvx,docker_fastmcp,export_csv (server: aws-eks),oss,The Amazon EKS MCP server provides AI code assistants with resource management tools and real-time cluster state visibility. This provides l,"AWS_REGION, AWS_ACCESS_KEY_ID, AWS_SECRET_ACCESS_KEY",no,medium,Currently uvx (awslabs.eks-mcp-server@latest) — needs Docker/FastMCP rewrite
AWS IAM mcp server,aws-iam-mcp,REFACTOR_TO_DOCKER,mcp_server_uvx,docker_fastmcp,export_csv (server: aws-iam),oss,A Model Context Protocol (MCP) server for comprehensive AWS Identity and Access Management (IAM) operations. This server provides AI assista,"AWS_REGION, AWS_ACCESS_KEY_ID, AWS_SECRET_ACCESS_KEY",no,medium,Currently uvx (awslabs.iam-mcp-server@latest) — needs Docker/FastMCP rewrite
AWS MQ mcp server,aws-mq-mcp,REFACTOR_TO_DOCKER,mcp_server_uvx,docker_fastmcp,export_csv (server: aws-mq),oss,A Model Context Protocol (MCP) server for Amazon MQ that enables generative AI models to manage RabbitMQ and ActiveMQ message brokers throug,,no,medium,Currently uvx (awslabs.amazon-mq-mcp-server@latest) — needs Docker/FastMCP rewrite
AWS Neptune mcp server,aws-neptune-mcp,REFACTOR_TO_DOCKER,mcp_server_uvx,docker_fastmcp,export_csv (server: aws-neptune),oss,"An Amazon Neptune MCP server that allows for fetching status, schema, and querying using openCypher and Gremlin for Neptune Database and ope","AWS_REGION, AWS_ACCESS_KEY_ID, AWS_SECRET_ACCESS_KEY",no,medium,Currently uvx (awslabs.amazon-neptune-mcp-server@latest) — needs Docker/FastMCP rewrite
AWS Network mcp server,aws-network-mcp,REFACTOR_TO_DOCKER,mcp_server_uvx,docker_fastmcp,export_csv (server: aws-network),oss,A Model Context Protocol (MCP) server providing comprehensive tools for troubleshooting and analyzing AWS core networking services including,"AWS_REGION, AWS_ACCESS_KEY_ID, AWS_SECRET_ACCESS_KEY",no,medium,Currently uvx (awslabs.aws-network-mcp-server@latest) — needs Docker/FastMCP rewrite
AWS Prometheus mcp server,aws-prometheus-mcp,REFACTOR_TO_DOCKER,mcp_server_uvx,docker_fastmcp,export_csv (server: aws-prometheus),oss,"The Prometheus MCP Server provides a robust interface for interacting with AWS Managed Prometheus, enabling users to execute PromQL queries,","AWS_REGION, AWS_ACCESS_KEY_ID, AWS_SECRET_ACCESS_KEY",no,medium,Currently uvx (awslabs.prometheus-mcp-server@latest) — needs Docker/FastMCP rewrite
AWS Redshift mcp server,aws-redshift-mcp,REFACTOR_TO_DOCKER,mcp_server_uvx,docker_fastmcp,export_csv (server: aws-redshift),oss,"Model Context Protocol (MCP) server for Amazon Redshift.  This MCP server provides tools to discover, explore, and query Amazon Redshift clu","AWS_REGION, AWS_ACCESS_KEY_ID, AWS_SECRET_ACCESS_KEY",no,medium,Currently uvx (awslabs.redshift-mcp-server@latest) — needs Docker/FastMCP rewrite
AWS S3 tables mcp server,aws-s3-tables-mcp,REFACTOR_TO_DOCKER,mcp_server_uvx,docker_fastmcp,export_csv (server: aws-s3-tables),oss,"The S3 Tables MCP Server simplifies the management of S3-based tables by providing capabilities to generate and query tables, generate table","AWS_REGION, AWS_ACCESS_KEY_ID, AWS_SECRET_ACCESS_KEY",no,medium,Currently uvx (awslabs.s3-tables-mcp-server@latest) — needs Docker/FastMCP rewrite
AWS Serverless mcp server,aws-serverless-mcp,REFACTOR_TO_DOCKER,mcp_server_uvx,docker_fastmcp,export_csv (server: aws-serverless),oss,The AWS Serverless Model Context Protocol (MCP) Server is an open-source tool that combines AI assistance with serverless expertise to strea,"AWS_REGION, AWS_ACCESS_KEY_ID, AWS_SECRET_ACCESS_KEY",no,medium,Currently uvx (awslabs.aws-serverless-mcp-server@latest) — needs Docker/FastMCP rewrite
AWS SNS SQS mcp server,aws-sns-sqs-mcp,REFACTOR_TO_DOCKER,mcp_server_uvx,docker_fastmcp,export_csv (server: aws-sns-sqs),oss,A Model Context Protocol (MCP) server for Amazon SNS / SQS that enables generative AI models to manage SNS Topics and SQS Queues through MCP,,no,medium,Currently uvx (awslabs.amazon-sns-sqs-mcp-server@latest) — needs Docker/FastMCP rewrite
AWS Step Functions mcp server,aws-stepfunctions-mcp,REFACTOR_TO_DOCKER,mcp_server_uvx,docker_fastmcp,export_csv (server: aws-stepfunctions),commercial,A Model Context Protocol (MCP) server for AWS Step Functions to choose and run state machines as MCP tools without code changes.  This MCP s,"AWS_REGION, AWS_ACCESS_KEY_ID, AWS_SECRET_ACCESS_KEY",no,medium,Currently uvx (awslabs.stepfunctions-tool-mcp-server@latest) — needs Docker/FastMCP rewrite
AWS Well Architectured Security mcp server,aws-well-architected-security-mcp,REFACTOR_TO_DOCKER,mcp_server_uvx,docker_fastmcp,export_csv (server: aws-well-architected-security),oss,A Model Context Protocol (MCP) server that provides operational tools for monitoring and assessing AWS environments against the AWS Well-Arc,,no,medium,Currently uvx (awslabs.well-architected-security-mcp-server@latest) — needs Docker/FastMCP rewrite
Azure,azure-mcp,REFACTOR_TO_DOCKER,mcp_server_npx,docker_fastmcp,export_csv (server: azure),commercial,Azure MCP server allows an AI client to authenticate with Azure and interact with Azure resources through the Azure APIs. With the configure,"AZURE_CLIENT_ID, AZURE_TENANT_ID, AZURE_CLIENT_SECRET, AZURE_SUBSCRIPTION_ID",no,medium,Currently npx (@azure/mcp) — needs Docker/FastMCP rewrite
Baidu Search MCP Server,baidu-search-mcp-server-mcp,REFACTOR_TO_DOCKER,mcp_server_uvx,docker_fastmcp,export_csv (server: baidu-search-mcp-server),oss,"A Model Context Protocol (MCP) server that provides web search capabilities through Baidu, with additional features for content fetching and",,no,medium,Currently uvx (baidu-mcp-server) — needs Docker/FastMCP rewrite
BraveSearch MCP,brave-search-mcp,REFACTOR_TO_DOCKER,mcp_server_npx,docker_fastmcp,export_csv (server: brave-search),oss,Web Search (brave_web_search) Performs comprehensive web searches with rich result types and advanced filtering options.  Parameters:  query,,no,medium,Currently npx (@brave/brave-search-mcp-server) — needs Docker/FastMCP rewrite
Bright data mcp server,brightdata-mcp-server-mcp,REFACTOR_TO_DOCKER,mcp_server_npx,docker_fastmcp,export_csv (server: brightdata_mcp_server),commercial,"Discover, access, extract, and interact with any public website. Get structured, reliable, real-time or historical data at petabyte-scale. R",,no,medium,Currently npx (mcp-remote) — needs Docker/FastMCP rewrite
Chrome Devtools MCP,chrome-devtools-mcp,REFACTOR_TO_DOCKER,mcp_server_npx,docker_fastmcp,export_csv (server: chrome-devtools),oss,"A Model Context Protocol (MCP) server that connects AI coding agents (such as Claude, Gemini, or Copilot) to a live Chrome browser. It lever",,no,medium,Currently npx (chrome-devtools-mcp@latest) — needs Docker/FastMCP rewrite
ClinicalTrials Gov MCP,clinicaltrialsgov-mcp-server-mcp,REFACTOR_TO_DOCKER,mcp_server_npx,docker_fastmcp,export_csv (server: clinicaltrialsgov-mcp-server),oss,"A Model Context Protocol (MCP) server that connects AI assistants to the official ClinicalTrials.gov REST API. It enables LLMs to search, re","MCP_LOG_LEVEL, MCP_TRANSPORT_TYPE",no,medium,Currently npx (clinicaltrialsgov-mcp-server@latest) — needs Docker/FastMCP rewrite
Cloudflare,cloudflare-mcp,REFACTOR_TO_DOCKER,mcp_server_npx,docker_fastmcp,export_csv (server: cloudflare),commercial,"Cloudflare's Model Context Protocol (MCP) support allows developers to build, deploy, and host MCP servers on the Cloudflare Workers platfor",CLOUDFLARE_API_TOKEN,no,medium,Currently npx (@cloudflare/mcp-server-cloudflare) — needs Docker/FastMCP rewrite
Context7,context7-mcp,REFACTOR_TO_DOCKER,mcp_server_npx,docker_fastmcp,export_csv (server: context7),commercial,"Context7 MCP is a Model Context Protocol server that injects real-time, version-specific documentation and code examples directly into AI pr",,no,medium,Currently npx (@upstash/context7-mcp) — needs Docker/FastMCP rewrite
Copyseeker MCP Server,rapidapi-hub-reverse-image-search-by-copyseeker-mcp,REFACTOR_TO_DOCKER,mcp_server_npx,docker_fastmcp,export_csv (server: RapidAPI Hub - Reverse image search by Copyseeker),oss,A Model Context Protocol (MCP) server that integrates Copyseeker's powerful reverse image search API with Claude and other MCP-compatible AI,,no,medium,Currently npx (mcp-remote) — needs Docker/FastMCP rewrite
DNS MCP Server,dns-mcp-server-mcp,REFACTOR_TO_DOCKER,mcp_server_npx,docker_fastmcp,export_csv (server: dns-mcp-server),commercial,A Model Context Protocol (MCP) server that provides comprehensive DNS lookup capabilities to AI assistants. A comprehensive DNS diagnostic t,,no,medium,Currently npx (@cenemiljezweb/dns-mcp-server) — needs Docker/FastMCP rewrite
DNStwist MCP Server,dnstwist-mcp,REFACTOR_TO_DOCKER,mcp_server_npx,docker_fastmcp,export_csv (server: dnstwist-mcp),oss,"A Model Context Protocol (MCP) server for dnstwist, a powerful DNS fuzzing tool that helps detect typosquatting, phishing, and corporate esp",,no,medium,Currently npx (@burtthecoder/mcp-dnstwist) — needs Docker/FastMCP rewrite
EXA LABS MCP,exa-mcp,REFACTOR_TO_DOCKER,mcp_server_npx,docker_fastmcp,export_csv (server: exa),oss,"A high-precision web search tool specifically engineered for AI coding agents. Powered by the Exa neural search engine, it retrieves token-e",,no,medium,Currently npx (mcp-remote) — needs Docker/FastMCP rewrite
Exiftool MCP,exiftool-agent-mcp,REFACTOR_TO_DOCKER,mcp_server_npx,docker_fastmcp,export_csv (server: Exiftool-agent),oss,exiftool-mcp-server is a Model Context Protocol (MCP) server that acts as a bridge between AI agents (like Claude) and the powerful ExifTool,,no,medium,Currently npx (exiftool-mcp-ai-agent) — needs Docker/FastMCP rewrite
Fetch,fetch-mcp,REFACTOR_TO_DOCKER,mcp_server_uvx,docker_fastmcp,export_csv (server: fetch),commercial,"Fetch MCP Server is a tool that allows Large Language Models (LLMs) to retrieve, read, and process content from public websites and local ne",,no,medium,Currently uvx (mcp-server-fetch) — needs Docker/FastMCP rewrite
Firecrawl MCP,firecrawl-mcp,REFACTOR_TO_DOCKER,mcp_server_npx,docker_fastmcp,export_csv (server: firecrawl-mcp),oss,"An advanced web scraping and crawling server engineered for deep data extraction. Unlike simple fetchers, it handles JavaScript rendering, a",FIRECRAWL_API_KEY,no,medium,Currently npx (firecrawl-mcp) — needs Docker/FastMCP rewrite
Geocode MCP Server,geocoding-mcp,REFACTOR_TO_DOCKER,mcp_server_uvx,docker_fastmcp,export_csv (server: geocoding),oss,A Model Context Protocol (MCP) server that provides latitude/longitude coordinates for cities and locations using the OpenStreetMap Nominati,,no,medium,Currently uvx (geocode-mcp) — needs Docker/FastMCP rewrite
Gitlab,gitlab-mcp,REFACTOR_TO_DOCKER,mcp_server_npx,docker_fastmcp,export_csv (server: gitlab),commercial,"This configuration launches the GitLab Model Context Protocol (MCP) server via npx, which enables an AI client to make authenticated API cal","GITLAB_API_URL, GITLAB_PERSONAL_ACCESS_TOKEN",no,medium,Currently npx (@modelcontextprotocol/server-gitlab) — needs Docker/FastMCP rewrite
Globalping MCP SERVER,globalping-mcp,REFACTOR_TO_DOCKER,mcp_server_npx,docker_fastmcp,export_csv (server: globalping),oss,"What is Globalping? Globalping is a free, public API that provides access to a globally distributed network of probes for monitoring, debugg",,no,medium,Currently npx (mcp-remote) — needs Docker/FastMCP rewrite
Google Security Command Center (SCC),scc-mcp,REFACTOR_TO_DOCKER,mcp_server_uvx,docker_fastmcp,export_csv (server: scc),oss,This server provides tools for interacting with Google Cloud Security Command Center (SCC) and Cloud Asset Inventory (CAI). A cloud security,,no,medium,Currently uvx (scc-mcp) — needs Docker/FastMCP rewrite
Google Threat Intelligence,google-threat-intelligence-mcp,REFACTOR_TO_DOCKER,mcp_server_uvx,docker_fastmcp,export_csv (server: google-threat-intelligence),oss,"A centralized hub providing access to Google’s premier threat intelligence data, including insights from Mandiant and VirusTotal. It allows ",VT_APIKEY,no,medium,Currently uvx (gti-mcp) — needs Docker/FastMCP rewrite
GreyNoise MCP,greynoise-mcp,REFACTOR_TO_DOCKER,mcp_server_npx,docker_fastmcp,export_csv (server: greynoise),oss,A Model Context Protocol (MCP) server that connects AI assistants to the GreyNoise Enterprise API. It enables comprehensive analysis of inte,,no,medium,Currently npx (@greynoise/greynoise-mcp-server) — needs Docker/FastMCP rewrite
Have I Been Pwned MCP Server,hibp-mcp,REFACTOR_TO_DOCKER,mcp_server_npx,docker_fastmcp,export_csv (server: HIBP-MCP),oss,Have I Been Pwned MCP Server  A Model Context Protocol (MCP) server that interfaces with the Have I Been Pwned (HIBP) API to investigate dat,,no,medium,Currently npx (@darrenjrobinson/hibp-mcp) — needs Docker/FastMCP rewrite
IMF MCP SERVER,imf-data-mcp,REFACTOR_TO_DOCKER,mcp_server_uvx,docker_fastmcp,export_csv (server: imf-data),oss,IMF Data MCP This MCP server integrates with the free IMF data API to provide a set of tools and resources for retrieving and processing eco,,no,medium,Currently uvx (imf-data-mcp) — needs Docker/FastMCP rewrite
IPLocate.io MCP Server,iplocate-mcp,REFACTOR_TO_DOCKER,mcp_server_npx,docker_fastmcp,export_csv (server: iplocate),oss,"An MCP (Model Context Protocol) server for IPLocate.io - providing comprehensive IP address intelligence including geolocation, network info",,no,medium,Currently npx (@iplocate/mcp-server) — needs Docker/FastMCP rewrite
Jira,jira-mcp,REFACTOR_TO_DOCKER,mcp_server_uvx,docker_fastmcp,export_csv (server: jira),commercial,"Jira MCP server that allows a model to read from and write to Jira (like viewing issues, creating tickets, updating statuses, etc.) using yo","JIRA_URL, JIRA_USERNAME, JIRA_API_TOKEN",no,medium,Currently uvx (mcp-atlassian) — needs Docker/FastMCP rewrite
Microsoft Fabric Real-Time Intelligence,ms-fabric-rti-mcp,REFACTOR_TO_DOCKER,mcp_server_uvx,docker_fastmcp,export_csv (server: ms-fabric-rti),commercial,Microsoft Fabric Real-Time Intelligence (RTI) is a comprehensive analytics solution within Microsoft Fabric designed for handling streaming ,,no,medium,Currently uvx (microsoft-fabric-rti-mcp) — needs Docker/FastMCP rewrite
NASA API MCP SERVER,nasa-mcp,REFACTOR_TO_DOCKER,mcp_server_npx,docker_fastmcp,export_csv (server: nasa-mcp),oss,"Access to 20+ NASA data sources through a single, consistent interface Standardized data formats optimized for AI consumption Automatic para",N,no,medium,Currently npx (@programcomputer/nasa-mcp-server@latest) — needs Docker/FastMCP rewrite
Notion,notion-mcp,REFACTOR_TO_DOCKER,mcp_server_npx,docker_fastmcp,export_csv (server: notion),commercial,"Notion MCP (Model Context Protocol) is a secure bridge enabling AI models (like Claude, ChatGPT, or Cursor) to directly search your Notion w",NOTION_TOKEN,no,medium,Currently npx (@notionhq/notion-mcp-server) — needs Docker/FastMCP rewrite
Octagon AI MCP,octagon-mcp-server-mcp,REFACTOR_TO_DOCKER,mcp_server_npx,docker_fastmcp,export_csv (server: octagon-mcp-server),oss,A Model Context Protocol (MCP) server that provides AI-powered financial research and analysis. It integrates with the Octagon Market Intell,,no,medium,Currently npx (octagon-mcp@latest) — needs Docker/FastMCP rewrite
Octocode,octocode-mcp,REFACTOR_TO_DOCKER,mcp_server_npx,docker_fastmcp,export_csv (server: octocode),oss,Octocode is an agentic code research platform that bridges the gap between AI assistants and real-world code implementations. By providing s,,no,medium,Currently npx (octocode-mcp) — needs Docker/FastMCP rewrite
Open Street Map (OSM) Mcp Server,osm-mcp-server-mcp,REFACTOR_TO_DOCKER,mcp_server_uvx,docker_fastmcp,export_csv (server: osm-mcp-server),oss,A precision geospatial server that provides LLMs with direct access to OpenStreetMap data. It goes beyond simple geocoding by offering advan,,no,medium,Currently uvx (osm-mcp-server) — needs Docker/FastMCP rewrite
OpenFDA MCP SERVER,openfda-mcp,REFACTOR_TO_DOCKER,mcp_server_npx,docker_fastmcp,export_csv (server: openfda),oss,"A pharmaceutical intelligence server providing structured access to the OpenFDA database. It enables deep querying of drug labels, adverse e",,no,medium,Currently npx (@ythalorossy/openfda) — needs Docker/FastMCP rewrite
Pinecone.io,pinecone-mcp,REFACTOR_TO_DOCKER,mcp_server_npx,docker_fastmcp,export_csv (server: pinecone),commercial,Pinecone's Model Context Protocol (MCP) servers are open-source tools that enable AI agents and coding assistants to connect with Pinecone v,PINECONE_API_KEY,no,medium,Currently npx (@pinecone-database/mcp) — needs Docker/FastMCP rewrite
Postman,postman-mcp,REFACTOR_TO_DOCKER,mcp_server_npx,docker_fastmcp,export_csv (server: postman),commercial,Postman MCP server allows an AI client to authenticate with Postman via your API key and access your Postman workspace. With the --full flag,POSTMAN_API_KEY,no,medium,Currently npx (@postman/postman-mcp-server) — needs Docker/FastMCP rewrite
Puppeteer MCP SERVER,puppeteer-mcp,REFACTOR_TO_DOCKER,mcp_server_npx,docker_fastmcp,export_csv (server: puppeteer),oss,"A high-capability browser automation server that allows AI agents to drive a real Chrome browser. Unlike simple scrapers, it handles statefu",,no,medium,Currently npx (puppeteer-mcp-server) — needs Docker/FastMCP rewrite
Reddit MCP,reddit-mcp,REFACTOR_TO_DOCKER,mcp_server_uvx,docker_fastmcp,export_csv (server: reddit),oss,Reddit: A massive social news aggregation and discussion platform useful for sentiment analysis and tracking niche community trends. A compr,,no,medium,Currently uvx (mcp-server-reddit) — needs Docker/FastMCP rewrite
S3 MCP Server,s3-mcp-server-mcp,REFACTOR_TO_DOCKER,mcp_server_npx,docker_fastmcp,export_csv (server: s3-mcp-server),oss,A Model Context Protocol (MCP) server for accessing Amazon S3 buckets. This server provides seamless integration with S3 storage through MCP,,no,medium,Currently npx (@geunoh/s3-mcp-server) — needs Docker/FastMCP rewrite
Sentry,sentry-mcp,REFACTOR_TO_DOCKER,mcp_server_npx,docker_fastmcp,export_csv (server: sentry),commercial,"Sentry MCP (Model Context Protocol) is a specialized server that bridges Sentry's error monitoring with AI coding assistants, allowing tools","SENTRY_ORG_SLUG, SENTRY_AUTH_TOKEN",no,medium,Currently npx (@sentry/mcp-server) — needs Docker/FastMCP rewrite
Serper MCP Server,serper-search-mcp,REFACTOR_TO_DOCKER,mcp_server_npx,docker_fastmcp,export_csv (server: serper-search),oss,A Model Context Protocol server that provides Google Search via Serper. This server enables LLMs to get search result information from Googl,,no,medium,Currently npx (serper-search-scrape-mcp-server) — needs Docker/FastMCP rewrite
Splunk MCP Server,splunk-mcp,REFACTOR_TO_DOCKER,mcp_server_npx,docker_fastmcp,export_csv (server: splunk-mcp),commercial,A high-performance bridge between AI agents and the Splunk Cloud/Enterprise platform. It enables natural language interaction with machine d,,no,medium,Currently npx (splunk-mcp) — needs Docker/FastMCP rewrite
Steampipe,steampipe-mcp,REFACTOR_TO_DOCKER,mcp_server_uvx,docker_fastmcp,export_csv (server: steampipe),commercial,"A ""data-as-SQL"" server that allows AI agents to query 100+ cloud services and APIs using standard SQL syntax. By connecting to a local Steam",,no,medium,Currently uvx (steampipe-mcp-server) — needs Docker/FastMCP rewrite
Stripe,stripe-mcp,REFACTOR_TO_DOCKER,mcp_server_npx,docker_fastmcp,export_csv (server: stripe),commercial,Stripe MCP (Model Context Protocol) is an open-source server that enables AI agents and LLMs (like Claude) to securely connect to and intera,STRIPE_SECRET_KEY,no,medium,Currently npx (@stripe/mcp) — needs Docker/FastMCP rewrite
Terraform,terraform-mcp,REFACTOR_TO_DOCKER,mcp_server_npx,docker_fastmcp,export_csv (server: terraform),commercial,The Terraform MCP Server (Model Context Protocol Server) is a service developed by HashiCorp that acts as a bridge between AI models (like A,,no,medium,Currently npx (terraform-mcp-server) — needs Docker/FastMCP rewrite
TomTom MCP,tomtom-mcp,REFACTOR_TO_DOCKER,mcp_server_npx,docker_fastmcp,export_csv (server: tomtom-mcp),oss,A Model Context Protocol (MCP) server that provides AI agents with seamless access to TomTom's location services. It enables LLMs to integra,,no,medium,Currently npx (@tomtom-org/tomtom-mcp@latest) — needs Docker/FastMCP rewrite
Variflight MCP,variflight-mcp,REFACTOR_TO_DOCKER,mcp_server_npx,docker_fastmcp,export_csv (server: variflight),oss,A Model Context Protocol (MCP) server that connects AI assistants to the VariFlight API for real-time aviation data. It allows LLMs to retri,VARIFLIGHT_API_KEY,no,medium,Currently npx (@variflight-ai/variflight-mcp) — needs Docker/FastMCP rewrite
Whois MCP,whois-mcp,REFACTOR_TO_DOCKER,mcp_server_npx,docker_fastmcp,export_csv (server: whois),oss,"This MCP server allows AI agents like Claude Desktop, Cursor, Windsurf,.. etc to perform WHOIS lookups and retrieve domain details. A protoc",,no,medium,Currently npx (@bharathvaj/whois-mcp@latest) — needs Docker/FastMCP rewrite
Winston AI MCP,winston-ai-mcp,REFACTOR_TO_DOCKER,mcp_server_npx,docker_fastmcp,export_csv (server: winston-ai-mcp),oss,A Model Context Protocol (MCP) server that integrates Winston AI's detection capabilities into AI assistants. It enables LLMs to verify the ,,no,medium,Currently npx (winston-ai-mcp) — needs Docker/FastMCP rewrite
YouTube Transcript MCP Server,youtube-transcript-mcp,REFACTOR_TO_DOCKER,mcp_server_npx,docker_fastmcp,export_csv (server: youtube-transcript),oss,A Model Context Protocol server that enables retrieval of transcripts from YouTube videos. This server provides direct access to video capti,,no,medium,Currently npx (@kimtaeyoon83/mcp-server-youtube-transcript) — needs Docker/FastMCP rewrite
Censys MCP Server,censys-platform-mcp,REMOTE_ONLY,mcp_server_streamable-http,docker_fastmcp,export_csv (server: censys-platform),commercial,"After configuring your integration, test it by prompting your agent with a question like ""What services are running on 8.8.8.8?""  The output",,no,low,Remote streamable-http endpoint — no local build needed
Docker MCP Toolkit Gateway,mcp-docker-mcp,REMOTE_ONLY,mcp_server_streamable-http,docker_fastmcp,export_csv (server: MCP_DOCKER),oss,An aggregator and gateway for containerized Model Context Protocol (MCP) servers. It provides a single point of entry to a catalog of MCP to,,no,low,Remote streamable-http endpoint — no local build needed
GitHub MCP Server,github-mcp,REMOTE_ONLY,mcp_server_streamable-http,docker_fastmcp,export_csv (server: github),oss,"The GitHub MCP Server connects AI tools directly to GitHub's platform. This gives AI agents, assistants, and chatbots the ability to read re",,no,low,Remote streamable-http endpoint — no local build needed
Hackerdogs MCP Server,hackerdogs-mcp-server-mcp,REMOTE_ONLY,mcp_server_streamable-http,docker_fastmcp,export_csv (server: hackerdogs-mcp-server),commercial,"Hackerdogs transforms public, open, and adversarial signals into validated intelligence about emerging risks forming outside your organizati",,no,low,Remote streamable-http endpoint — no local build needed
MITRE ATT&CK MCP Server,mitre-attack-remote-mcp,REMOTE_ONLY,mcp_server_streamable-http,docker_fastmcp,export_csv (server: mitre-attack-remote),hybrid,A MITRE ATT&CK MCP Server wrapper on the MITRE Python SDK. A specialized cybersecurity intelligence server that wraps the MITRE ATT&CK Pytho,,no,low,Remote streamable-http endpoint — no local build needed
Prowler MCP Server,prowler-mcp,REMOTE_ONLY,mcp_server_streamable-http,docker_fastmcp,export_csv (server: prowler),oss,Prowler MCP Server brings the entire Prowler ecosystem to AI assistants through the Model Context Protocol (MCP). Prowler is the world’s mos,,no,low,Remote streamable-http endpoint — no local build needed
SerpApi MCP Server,serpapi-mcp,REMOTE_ONLY,mcp_server_streamable-http,docker_fastmcp,export_csv (server: serpapi),oss,A Model Context Protocol (MCP) server implementation that integrates with SerpApi for comprehensive search engine results and data extractio,,no,low,Remote streamable-http endpoint — no local build needed
Tavily MCP Server,tavily-remote-mcp,REMOTE_ONLY,mcp_server_streamable-http,docker_fastmcp,export_csv (server: tavily-remote-mcp),commercial,"The Tavily MCP Server is a lightweight, production ready server that brings live web capabilities search, crawling, and structured data extr",,no,low,Remote streamable-http endpoint — no local build needed
WhoisXML MCP Server,whoisxmlapi-mcp,REMOTE_ONLY,mcp_server_streamable-http,docker_fastmcp,export_csv (server: whoisxmlapi),commercial,Key Features All the features you need from WhoisXMLAPI in an MCP server Domain WHOIS lookups and historical data DNS analysis and monitorin,,no,low,Remote streamable-http endpoint — no local build needed
XPoz MCP Server,xpoz-mcp-server-mcp,REMOTE_ONLY,mcp_server_streamable-http,docker_fastmcp,export_csv (server: xpoz_mcp_server),commercial,Social Intelligence for AI Agents Enable LLMs to search and analyze live social media through natural language. No API keys. No rate limits.,,no,low,Remote streamable-http endpoint — no local build needed
